Country;Id;Year;Life_expectancy_at_birth
Burundi;BDI;2000;47.5
Burundi;BDI;2001;48.4
Burundi;BDI;2002;49.9
Burundi;BDI;2003;50.9
Burundi;BDI;2004;52.0
Burundi;BDI;2005;53.0
Burundi;BDI;2006;53.9
Burundi;BDI;2007;54.7
Burundi;BDI;2008;55.7
Burundi;BDI;2009;56.4
Burundi;BDI;2010;57.1
Burundi;BDI;2011;57.8
Burundi;BDI;2012;58.5
Burundi;BDI;2013;59.2
Burundi;BDI;2014;59.9
Burundi;BDI;2015;60.2
Comoros;COM;2000;58.8
Comoros;COM;2001;59.2
Comoros;COM;2002;59.1
Comoros;COM;2003;59.3
Comoros;COM;2004;59.5
Comoros;COM;2005;59.6
Comoros;COM;2006;59.9
Comoros;COM;2007;60.1
Comoros;COM;2008;60.5
Comoros;COM;2009;60.8
Comoros;COM;2010;61.1
Comoros;COM;2011;61.5
Comoros;COM;2012;61.8
Comoros;COM;2013;62.2
Comoros;COM;2014;62.5
Comoros;COM;2015;62.9
Djibouti;DJI;2000;56.6
Djibouti;DJI;2001;56.9
Djibouti;DJI;2002;57.2
Djibouti;DJI;2003;57.6
Djibouti;DJI;2004;57.8
Djibouti;DJI;2005;58.3
Djibouti;DJI;2006;58.7
Djibouti;DJI;2007;59.0
Djibouti;DJI;2008;59.4
Djibouti;DJI;2009;59.7
Djibouti;DJI;2010;60.3
Djibouti;DJI;2011;60.4
Djibouti;DJI;2012;60.8
Djibouti;DJI;2013;61.2
Djibouti;DJI;2014;61.6
Djibouti;DJI;2015;62.0
Eritrea;ERI;2000;56.1
Eritrea;ERI;2001;58.3
Eritrea;ERI;2002;58.8
Eritrea;ERI;2003;59.4
Eritrea;ERI;2004;59.9
Eritrea;ERI;2005;60.6
Eritrea;ERI;2006;61.6
Eritrea;ERI;2007;62.1
Eritrea;ERI;2008;62.6
Eritrea;ERI;2009;63.3
Eritrea;ERI;2010;63.8
Eritrea;ERI;2011;64.4
Eritrea;ERI;2012;64.8
Eritrea;ERI;2013;65.1
Eritrea;ERI;2014;65.6
Eritrea;ERI;2015;66.0
Ethiopia;ETH;2000;50.5
Ethiopia;ETH;2001;51.0
Ethiopia;ETH;2002;51.5
Ethiopia;ETH;2003;52.5
Ethiopia;ETH;2004;53.2
Ethiopia;ETH;2005;54.0
Ethiopia;ETH;2006;55.1
Ethiopia;ETH;2007;56.4
Ethiopia;ETH;2008;57.6
Ethiopia;ETH;2009;58.8
Ethiopia;ETH;2010;59.7
Ethiopia;ETH;2011;60.7
Ethiopia;ETH;2012;61.5
Ethiopia;ETH;2013;62.4
Ethiopia;ETH;2014;62.9
Ethiopia;ETH;2015;63.6
Kenya;KEN;2000;54.4
Kenya;KEN;2001;54.5
Kenya;KEN;2002;55.0
Kenya;KEN;2003;55.6
Kenya;KEN;2004;56.4
Kenya;KEN;2005;57.3
Kenya;KEN;2006;58.2
Kenya;KEN;2007;58.9
Kenya;KEN;2008;59.6
Kenya;KEN;2009;60.4
Kenya;KEN;2010;60.6
Kenya;KEN;2011;61.0
Kenya;KEN;2012;61.1
Kenya;KEN;2013;61.4
Kenya;KEN;2014;61.8
Kenya;KEN;2015;61.9
Madagascar;MDG;2000;57.9
Madagascar;MDG;2001;58.6
Madagascar;MDG;2002;58.9
Madagascar;MDG;2003;59.5
Madagascar;MDG;2004;60.1
Madagascar;MDG;2005;60.6
Madagascar;MDG;2006;61.3
Madagascar;MDG;2007;61.8
Madagascar;MDG;2008;62.1
Madagascar;MDG;2009;62.7
Madagascar;MDG;2010;62.9
Madagascar;MDG;2011;63.5
Madagascar;MDG;2012;63.5
Madagascar;MDG;2013;64.0
Madagascar;MDG;2014;64.3
Madagascar;MDG;2015;64.3
Malawi;MWI;2000;44.5
Malawi;MWI;2001;45.9
Malawi;MWI;2002;47.2
Malawi;MWI;2003;48.8
Malawi;MWI;2004;50.5
Malawi;MWI;2005;52.0
Malawi;MWI;2006;53.2
Malawi;MWI;2007;53.9
Malawi;MWI;2008;54.6
Malawi;MWI;2009;55.4
Malawi;MWI;2010;56.4
Malawi;MWI;2011;57.5
Malawi;MWI;2012;58.7
Malawi;MWI;2013;59.7
Malawi;MWI;2014;60.9
Malawi;MWI;2015;61.4
Mauritius;MUS;2000;71.6
Mauritius;MUS;2001;71.9
Mauritius;MUS;2002;72.0
Mauritius;MUS;2003;72.3
Mauritius;MUS;2004;72.5
Mauritius;MUS;2005;72.7
Mauritius;MUS;2006;72.9
Mauritius;MUS;2007;73.1
Mauritius;MUS;2008;73.3
Mauritius;MUS;2009;73.6
Mauritius;MUS;2010;74.0
Mauritius;MUS;2011;74.2
Mauritius;MUS;2012;74.4
Mauritius;MUS;2013;74.7
Mauritius;MUS;2014;74.9
Mauritius;MUS;2015;75.0
Mayotte;MYT;2000;75.3
Mayotte;MYT;2001;75.6
Mayotte;MYT;2002;75.8
Mayotte;MYT;2003;76.0
Mayotte;MYT;2004;76.3
Mayotte;MYT;2005;76.4
Mayotte;MYT;2006;76.5
Mayotte;MYT;2007;76.7
Mayotte;MYT;2008;76.8
Mayotte;MYT;2009;77.1
Mayotte;MYT;2010;77.3
Mayotte;MYT;2011;77.5
Mayotte;MYT;2012;77.7
Mayotte;MYT;2013;77.7
Mayotte;MYT;2014;77.6
Mayotte;MYT;2015;77.4
Mozambique;MOZ;2000;49.5
Mozambique;MOZ;2001;50.1
Mozambique;MOZ;2002;50.6
Mozambique;MOZ;2003;50.9
Mozambique;MOZ;2004;51.2
Mozambique;MOZ;2005;51.6
Mozambique;MOZ;2006;52.0
Mozambique;MOZ;2007;52.6
Mozambique;MOZ;2008;53.2
Mozambique;MOZ;2009;53.8
Mozambique;MOZ;2010;54.2
Mozambique;MOZ;2011;54.9
Mozambique;MOZ;2012;55.6
Mozambique;MOZ;2013;56.5
Mozambique;MOZ;2014;57.3
Mozambique;MOZ;2015;58.2
Réunion;REU;2000;75.8
Réunion;REU;2001;76.1
Réunion;REU;2002;76.4
Réunion;REU;2003;76.9
Réunion;REU;2004;77.1
Réunion;REU;2005;77.3
Réunion;REU;2006;77.6
Réunion;REU;2007;78.3
Réunion;REU;2008;78.9
Réunion;REU;2009;79.2
Réunion;REU;2010;79.9
Réunion;REU;2011;80.3
Réunion;REU;2012;80.7
Réunion;REU;2013;80.9
Réunion;REU;2014;81.0
Réunion;REU;2015;81.2
Rwanda;RWA;2000;47.1
Rwanda;RWA;2001;49.0
Rwanda;RWA;2002;51.0
Rwanda;RWA;2003;53.4
Rwanda;RWA;2004;55.5
Rwanda;RWA;2005;57.3
Rwanda;RWA;2006;58.7
Rwanda;RWA;2007;60.0
Rwanda;RWA;2008;61.1
Rwanda;RWA;2009;62.0
Rwanda;RWA;2010;62.5
Rwanda;RWA;2011;63.3
Rwanda;RWA;2012;64.0
Rwanda;RWA;2013;64.4
Rwanda;RWA;2014;64.9
Rwanda;RWA;2015;65.3
Seychelles;SYC;2000;69.7
Seychelles;SYC;2001;70.0
Seychelles;SYC;2002;70.4
Seychelles;SYC;2003;71.0
Seychelles;SYC;2004;71.2
Seychelles;SYC;2005;71.6
Seychelles;SYC;2006;71.8
Seychelles;SYC;2007;72.1
Seychelles;SYC;2008;72.4
Seychelles;SYC;2009;72.7
Seychelles;SYC;2010;73.0
Seychelles;SYC;2011;73.8
Seychelles;SYC;2012;73.6
Seychelles;SYC;2013;73.8
Seychelles;SYC;2014;73.7
Seychelles;SYC;2015;73.7
Somalia;SOM;2000;50.7
Somalia;SOM;2001;50.7
Somalia;SOM;2002;50.7
Somalia;SOM;2003;50.6
Somalia;SOM;2004;50.5
Somalia;SOM;2005;50.7
Somalia;SOM;2006;50.6
Somalia;SOM;2007;50.5
Somalia;SOM;2008;51.1
Somalia;SOM;2009;51.9
Somalia;SOM;2010;50.6
Somalia;SOM;2011;51.3
Somalia;SOM;2012;53.2
Somalia;SOM;2013;53.8
Somalia;SOM;2014;54.3
Somalia;SOM;2015;54.9
South Sudan;SSD;2000;46.0
South Sudan;SSD;2001;46.9
South Sudan;SSD;2002;47.5
South Sudan;SSD;2003;50.3
South Sudan;SSD;2004;50.9
South Sudan;SSD;2005;51.5
South Sudan;SSD;2006;52.0
South Sudan;SSD;2007;52.9
South Sudan;SSD;2008;53.5
South Sudan;SSD;2009;53.9
South Sudan;SSD;2010;54.8
South Sudan;SSD;2011;54.9
South Sudan;SSD;2012;55.9
South Sudan;SSD;2013;55.8
South Sudan;SSD;2014;55.0
South Sudan;SSD;2015;55.6
Uganda;UGA;2000;48.3
Uganda;UGA;2001;49.0
Uganda;UGA;2002;49.6
Uganda;UGA;2003;50.4
Uganda;UGA;2004;51.5
Uganda;UGA;2005;53.0
Uganda;UGA;2006;54.4
Uganda;UGA;2007;55.2
Uganda;UGA;2008;55.8
Uganda;UGA;2009;56.5
Uganda;UGA;2010;57.1
Uganda;UGA;2011;58.0
Uganda;UGA;2012;58.8
Uganda;UGA;2013;59.8
Uganda;UGA;2014;60.4
Uganda;UGA;2015;61.1
United Republic of Tanzania;TZA;2000;52.4
United Republic of Tanzania;TZA;2001;53.2
United Republic of Tanzania;TZA;2002;53.9
United Republic of Tanzania;TZA;2003;54.9
United Republic of Tanzania;TZA;2004;55.6
United Republic of Tanzania;TZA;2005;56.3
United Republic of Tanzania;TZA;2006;56.9
United Republic of Tanzania;TZA;2007;57.5
United Republic of Tanzania;TZA;2008;58.1
United Republic of Tanzania;TZA;2009;58.9
United Republic of Tanzania;TZA;2010;60.1
United Republic of Tanzania;TZA;2011;61.0
United Republic of Tanzania;TZA;2012;62.0
United Republic of Tanzania;TZA;2013;63.0
United Republic of Tanzania;TZA;2014;63.9
United Republic of Tanzania;TZA;2015;64.7
Zambia;ZMB;2000;45.2
Zambia;ZMB;2001;46.0
Zambia;ZMB;2002;47.0
Zambia;ZMB;2003;48.3
Zambia;ZMB;2004;49.5
Zambia;ZMB;2005;50.7
Zambia;ZMB;2006;51.8
Zambia;ZMB;2007;52.7
Zambia;ZMB;2008;53.9
Zambia;ZMB;2009;55.3
Zambia;ZMB;2010;56.8
Zambia;ZMB;2011;57.8
Zambia;ZMB;2012;58.9
Zambia;ZMB;2013;59.9
Zambia;ZMB;2014;60.7
Zambia;ZMB;2015;61.2
Zimbabwe;ZWE;2000;44.7
Zimbabwe;ZWE;2001;42.0
Zimbabwe;ZWE;2002;44.6
Zimbabwe;ZWE;2003;43.4
Zimbabwe;ZWE;2004;44.5
Zimbabwe;ZWE;2005;44.8
Zimbabwe;ZWE;2006;45.4
Zimbabwe;ZWE;2007;45.6
Zimbabwe;ZWE;2008;46.7
Zimbabwe;ZWE;2009;48.1
Zimbabwe;ZWE;2010;50.7
Zimbabwe;ZWE;2011;53.3
Zimbabwe;ZWE;2012;55.6
Zimbabwe;ZWE;2013;57.5
Zimbabwe;ZWE;2014;58.8
Zimbabwe;ZWE;2015;59.6
Angola;AGO;2000;46.0
Angola;AGO;2001;46.6
Angola;AGO;2002;47.4
Angola;AGO;2003;49.6
Angola;AGO;2004;50.6
Angola;AGO;2005;51.6
Angola;AGO;2006;52.4
Angola;AGO;2007;53.6
Angola;AGO;2008;54.6
Angola;AGO;2009;55.8
Angola;AGO;2010;56.7
Angola;AGO;2011;57.6
Angola;AGO;2012;58.6
Angola;AGO;2013;59.3
Angola;AGO;2014;60.0
Angola;AGO;2015;60.7
Cameroon;CMR;2000;52.9
Cameroon;CMR;2001;53.1
Cameroon;CMR;2002;53.4
Cameroon;CMR;2003;53.9
Cameroon;CMR;2004;54.2
Cameroon;CMR;2005;54.4
Cameroon;CMR;2006;54.9
Cameroon;CMR;2007;55.2
Cameroon;CMR;2008;55.7
Cameroon;CMR;2009;56.1
Cameroon;CMR;2010;56.6
Cameroon;CMR;2011;57.1
Cameroon;CMR;2012;57.8
Cameroon;CMR;2013;58.5
Cameroon;CMR;2014;58.9
Cameroon;CMR;2015;59.7
Central African Republic;CAF;2000;45.4
Central African Republic;CAF;2001;45.4
Central African Republic;CAF;2002;45.4
Central African Republic;CAF;2003;45.8
Central African Republic;CAF;2004;46.0
Central African Republic;CAF;2005;46.4
Central African Republic;CAF;2006;46.9
Central African Republic;CAF;2007;47.4
Central African Republic;CAF;2008;48.0
Central African Republic;CAF;2009;48.6
Central African Republic;CAF;2010;49.3
Central African Republic;CAF;2011;49.9
Central African Republic;CAF;2012;50.7
Central African Republic;CAF;2013;50.9
Central African Republic;CAF;2014;50.6
Central African Republic;CAF;2015;52.8
Chad;TCD;2000;47.4
Chad;TCD;2001;47.9
Chad;TCD;2002;47.9
Chad;TCD;2003;48.2
Chad;TCD;2004;48.2
Chad;TCD;2005;48.3
Chad;TCD;2006;48.3
Chad;TCD;2007;48.8
Chad;TCD;2008;49.0
Chad;TCD;2009;49.2
Chad;TCD;2010;49.6
Chad;TCD;2011;50.0
Chad;TCD;2012;50.5
Chad;TCD;2013;50.8
Chad;TCD;2014;51.2
Chad;TCD;2015;51.6
Congo;COG;2000;53.7
Congo;COG;2001;54.4
Congo;COG;2002;55.1
Congo;COG;2003;55.9
Congo;COG;2004;57.0
Congo;COG;2005;58.1
Congo;COG;2006;58.9
Congo;COG;2007;59.6
Congo;COG;2008;60.4
Congo;COG;2009;61.1
Congo;COG;2010;61.7
Congo;COG;2011;62.0
Congo;COG;2012;62.3
Congo;COG;2013;62.7
Congo;COG;2014;63.0
Congo;COG;2015;63.2
Democratic Republic of the Congo;COD;2000;51.8
Democratic Republic of the Congo;COD;2001;52.1
Democratic Republic of the Congo;COD;2002;52.3
Democratic Republic of the Congo;COD;2003;52.8
Democratic Republic of the Congo;COD;2004;53.4
Democratic Republic of the Congo;COD;2005;53.9
Democratic Republic of the Congo;COD;2006;54.5
Democratic Republic of the Congo;COD;2007;54.9
Democratic Republic of the Congo;COD;2008;55.3
Democratic Republic of the Congo;COD;2009;55.8
Democratic Republic of the Congo;COD;2010;56.4
Democratic Republic of the Congo;COD;2011;57.1
Democratic Republic of the Congo;COD;2012;57.2
Democratic Republic of the Congo;COD;2013;57.8
Democratic Republic of the Congo;COD;2014;58.3
Democratic Republic of the Congo;COD;2015;58.5
Equatorial Guinea;GNQ;2000;53.2
Equatorial Guinea;GNQ;2001;53.6
Equatorial Guinea;GNQ;2002;54.1
Equatorial Guinea;GNQ;2003;54.6
Equatorial Guinea;GNQ;2004;55.0
Equatorial Guinea;GNQ;2005;55.5
Equatorial Guinea;GNQ;2006;56.0
Equatorial Guinea;GNQ;2007;56.5
Equatorial Guinea;GNQ;2008;57.1
Equatorial Guinea;GNQ;2009;57.4
Equatorial Guinea;GNQ;2010;57.9
Equatorial Guinea;GNQ;2011;58.4
Equatorial Guinea;GNQ;2012;58.9
Equatorial Guinea;GNQ;2013;59.2
Equatorial Guinea;GNQ;2014;59.6
Equatorial Guinea;GNQ;2015;60.1
Gabon;GAB;2000;61.1
Gabon;GAB;2001;61.3
Gabon;GAB;2002;61.3
Gabon;GAB;2003;61.7
Gabon;GAB;2004;61.8
Gabon;GAB;2005;62.0
Gabon;GAB;2006;62.4
Gabon;GAB;2007;62.6
Gabon;GAB;2008;63.1
Gabon;GAB;2009;63.3
Gabon;GAB;2010;63.9
Gabon;GAB;2011;64.0
Gabon;GAB;2012;64.6
Gabon;GAB;2013;64.8
Gabon;GAB;2014;65.0
Gabon;GAB;2015;65.5
Sao Tome and Principe;STP;2000;61.7
Sao Tome and Principe;STP;2001;62.0
Sao Tome and Principe;STP;2002;62.6
Sao Tome and Principe;STP;2003;63.2
Sao Tome and Principe;STP;2004;63.7
Sao Tome and Principe;STP;2005;63.7
Sao Tome and Principe;STP;2006;64.4
Sao Tome and Principe;STP;2007;64.7
Sao Tome and Principe;STP;2008;65.1
Sao Tome and Principe;STP;2009;65.1
Sao Tome and Principe;STP;2010;65.2
Sao Tome and Principe;STP;2011;64.9
Sao Tome and Principe;STP;2012;65.7
Sao Tome and Principe;STP;2013;66.3
Sao Tome and Principe;STP;2014;66.8
Sao Tome and Principe;STP;2015;67.2
Algeria;DZA;2000;70.5
Algeria;DZA;2001;70.8
Algeria;DZA;2002;71.2
Algeria;DZA;2003;71.3
Algeria;DZA;2004;71.8
Algeria;DZA;2005;72.1
Algeria;DZA;2006;72.3
Algeria;DZA;2007;72.6
Algeria;DZA;2008;72.9
Algeria;DZA;2009;73.6
Algeria;DZA;2010;73.8
Algeria;DZA;2011;74.1
Algeria;DZA;2012;74.2
Algeria;DZA;2013;74.6
Algeria;DZA;2014;75.1
Algeria;DZA;2015;75.6
Egypt;EGY;2000;68.0
Egypt;EGY;2001;68.3
Egypt;EGY;2002;68.6
Egypt;EGY;2003;68.4
Egypt;EGY;2004;68.6
Egypt;EGY;2005;68.8
Egypt;EGY;2006;69.0
Egypt;EGY;2007;69.1
Egypt;EGY;2008;69.3
Egypt;EGY;2009;69.5
Egypt;EGY;2010;69.7
Egypt;EGY;2011;69.9
Egypt;EGY;2012;70.1
Egypt;EGY;2013;70.1
Egypt;EGY;2014;70.4
Egypt;EGY;2015;70.5
Libya;LBY;2000;70.7
Libya;LBY;2001;70.9
Libya;LBY;2002;71.0
Libya;LBY;2003;71.1
Libya;LBY;2004;71.5
Libya;LBY;2005;71.6
Libya;LBY;2006;71.7
Libya;LBY;2007;71.9
Libya;LBY;2008;72.3
Libya;LBY;2009;72.4
Libya;LBY;2010;72.4
Libya;LBY;2011;70.1
Libya;LBY;2012;72.2
Libya;LBY;2013;72.3
Libya;LBY;2014;71.5
Libya;LBY;2015;71.7
Morocco;MAR;2000;66.8
Morocco;MAR;2001;67.2
Morocco;MAR;2002;67.5
Morocco;MAR;2003;67.9
Morocco;MAR;2004;68.2
Morocco;MAR;2005;68.7
Morocco;MAR;2006;69.1
Morocco;MAR;2007;69.6
Morocco;MAR;2008;70.0
Morocco;MAR;2009;70.5
Morocco;MAR;2010;70.8
Morocco;MAR;2011;71.3
Morocco;MAR;2012;71.7
Morocco;MAR;2013;72.1
Morocco;MAR;2014;72.5
Morocco;MAR;2015;72.9
Sudan;SDN;2000;58.3
Sudan;SDN;2001;58.6
Sudan;SDN;2002;59.0
Sudan;SDN;2003;58.2
Sudan;SDN;2004;56.8
Sudan;SDN;2005;57.3
Sudan;SDN;2006;60.3
Sudan;SDN;2007;61.3
Sudan;SDN;2008;61.2
Sudan;SDN;2009;62.6
Sudan;SDN;2010;63.0
Sudan;SDN;2011;63.2
Sudan;SDN;2012;63.8
Sudan;SDN;2013;63.7
Sudan;SDN;2014;64.3
Sudan;SDN;2015;64.7
Tunisia;TUN;2000;73.7
Tunisia;TUN;2001;73.8
Tunisia;TUN;2002;74.1
Tunisia;TUN;2003;74.3
Tunisia;TUN;2004;74.5
Tunisia;TUN;2005;74.8
Tunisia;TUN;2006;74.9
Tunisia;TUN;2007;75.1
Tunisia;TUN;2008;75.2
Tunisia;TUN;2009;75.3
Tunisia;TUN;2010;75.4
Tunisia;TUN;2011;75.5
Tunisia;TUN;2012;75.6
Tunisia;TUN;2013;75.7
Tunisia;TUN;2014;75.7
Tunisia;TUN;2015;75.7
Western Sahara;ESH;2000;62.7
Western Sahara;ESH;2001;63.2
Western Sahara;ESH;2002;63.7
Western Sahara;ESH;2003;64.2
Western Sahara;ESH;2004;64.7
Western Sahara;ESH;2005;65.2
Western Sahara;ESH;2006;65.6
Western Sahara;ESH;2007;66.1
Western Sahara;ESH;2008;66.5
Western Sahara;ESH;2009;67.0
Western Sahara;ESH;2010;67.5
Western Sahara;ESH;2011;67.9
Western Sahara;ESH;2012;68.3
Western Sahara;ESH;2013;68.7
Western Sahara;ESH;2014;69.0
Western Sahara;ESH;2015;69.3
Botswana;BWA;2000;51.0
Botswana;BWA;2001;50.7
Botswana;BWA;2002;50.6
Botswana;BWA;2003;50.9
Botswana;BWA;2004;51.6
Botswana;BWA;2005;52.6
Botswana;BWA;2006;53.9
Botswana;BWA;2007;55.7
Botswana;BWA;2008;57.1
Botswana;BWA;2009;58.3
Botswana;BWA;2010;60.0
Botswana;BWA;2011;60.5
Botswana;BWA;2012;60.8
Botswana;BWA;2013;62.0
Botswana;BWA;2014;62.6
Botswana;BWA;2015;63.8
Eswatini;SWZ;2000;47.3
Eswatini;SWZ;2001;46.0
Eswatini;SWZ;2002;44.5
Eswatini;SWZ;2003;43.3
Eswatini;SWZ;2004;42.5
Eswatini;SWZ;2005;42.1
Eswatini;SWZ;2006;43.1
Eswatini;SWZ;2007;43.6
Eswatini;SWZ;2008;44.2
Eswatini;SWZ;2009;44.6
Eswatini;SWZ;2010;46.6
Eswatini;SWZ;2011;48.2
Eswatini;SWZ;2012;49.8
Eswatini;SWZ;2013;51.5
Eswatini;SWZ;2014;53.1
Eswatini;SWZ;2015;55.0
Lesotho;LSO;2000;48.4
Lesotho;LSO;2001;46.8
Lesotho;LSO;2002;45.6
Lesotho;LSO;2003;44.5
Lesotho;LSO;2004;43.7
Lesotho;LSO;2005;43.2
Lesotho;LSO;2006;42.9
Lesotho;LSO;2007;43.1
Lesotho;LSO;2008;43.6
Lesotho;LSO;2009;44.0
Lesotho;LSO;2010;45.6
Lesotho;LSO;2011;46.7
Lesotho;LSO;2012;47.8
Lesotho;LSO;2013;49.0
Lesotho;LSO;2014;50.0
Lesotho;LSO;2015;51.1
Namibia;NAM;2000;52.0
Namibia;NAM;2001;51.3
Namibia;NAM;2002;51.3
Namibia;NAM;2003;51.1
Namibia;NAM;2004;51.2
Namibia;NAM;2005;51.8
Namibia;NAM;2006;52.7
Namibia;NAM;2007;53.7
Namibia;NAM;2008;54.7
Namibia;NAM;2009;55.5
Namibia;NAM;2010;56.0
Namibia;NAM;2011;56.6
Namibia;NAM;2012;57.6
Namibia;NAM;2013;58.7
Namibia;NAM;2014;59.8
Namibia;NAM;2015;60.7
South Africa;ZAF;2000;58.5
South Africa;ZAF;2001;57.3
South Africa;ZAF;2002;55.7
South Africa;ZAF;2003;54.3
South Africa;ZAF;2004;54.0
South Africa;ZAF;2005;54.0
South Africa;ZAF;2006;54.3
South Africa;ZAF;2007;55.0
South Africa;ZAF;2008;56.0
South Africa;ZAF;2009;57.4
South Africa;ZAF;2010;58.9
South Africa;ZAF;2011;60.7
South Africa;ZAF;2012;61.8
South Africa;ZAF;2013;62.5
South Africa;ZAF;2014;63.4
South Africa;ZAF;2015;64.0
Benin;BEN;2000;56.6
Benin;BEN;2001;56.7
Benin;BEN;2002;56.6
Benin;BEN;2003;56.7
Benin;BEN;2004;56.8
Benin;BEN;2005;57.1
Benin;BEN;2006;57.5
Benin;BEN;2007;57.7
Benin;BEN;2008;57.9
Benin;BEN;2009;58.0
Benin;BEN;2010;58.4
Benin;BEN;2011;58.5
Benin;BEN;2012;58.7
Benin;BEN;2013;59.0
Benin;BEN;2014;59.1
Benin;BEN;2015;59.4
Burkina Faso;BFA;2000;50.8
Burkina Faso;BFA;2001;51.1
Burkina Faso;BFA;2002;51.3
Burkina Faso;BFA;2003;51.8
Burkina Faso;BFA;2004;52.4
Burkina Faso;BFA;2005;53.1
Burkina Faso;BFA;2006;53.7
Burkina Faso;BFA;2007;54.4
Burkina Faso;BFA;2008;55.3
Burkina Faso;BFA;2009;56.0
Burkina Faso;BFA;2010;56.5
Burkina Faso;BFA;2011;57.1
Burkina Faso;BFA;2012;57.6
Burkina Faso;BFA;2013;57.8
Burkina Faso;BFA;2014;58.4
Burkina Faso;BFA;2015;58.8
Cabo Verde;CPV;2000;68.6
Cabo Verde;CPV;2001;69.9
Cabo Verde;CPV;2002;70.7
Cabo Verde;CPV;2003;71.4
Cabo Verde;CPV;2004;72.0
Cabo Verde;CPV;2005;72.7
Cabo Verde;CPV;2006;72.2
Cabo Verde;CPV;2007;72.8
Cabo Verde;CPV;2008;72.5
Cabo Verde;CPV;2009;73.1
Cabo Verde;CPV;2010;73.5
Cabo Verde;CPV;2011;74.3
Cabo Verde;CPV;2012;74.5
Cabo Verde;CPV;2013;75.1
Cabo Verde;CPV;2014;75.2
Cabo Verde;CPV;2015;74.6
Côte d'Ivoire;CIV;2000;50.8
Côte d'Ivoire;CIV;2001;50.8
Côte d'Ivoire;CIV;2002;50.9
Côte d'Ivoire;CIV;2003;51.0
Côte d'Ivoire;CIV;2004;51.4
Côte d'Ivoire;CIV;2005;51.8
Côte d'Ivoire;CIV;2006;52.4
Côte d'Ivoire;CIV;2007;53.0
Côte d'Ivoire;CIV;2008;53.7
Côte d'Ivoire;CIV;2009;54.4
Côte d'Ivoire;CIV;2010;55.0
Côte d'Ivoire;CIV;2011;55.5
Côte d'Ivoire;CIV;2012;56.2
Côte d'Ivoire;CIV;2013;56.7
Côte d'Ivoire;CIV;2014;57.2
Côte d'Ivoire;CIV;2015;57.8
Gambia;GMB;2000;56.9
Gambia;GMB;2001;57.0
Gambia;GMB;2002;57.1
Gambia;GMB;2003;57.6
Gambia;GMB;2004;58.1
Gambia;GMB;2005;58.4
Gambia;GMB;2006;59.1
Gambia;GMB;2007;59.4
Gambia;GMB;2008;60.1
Gambia;GMB;2009;60.4
Gambia;GMB;2010;60.7
Gambia;GMB;2011;61.5
Gambia;GMB;2012;62.1
Gambia;GMB;2013;62.1
Gambia;GMB;2014;62.3
Gambia;GMB;2015;62.5
Ghana;GHA;2000;58.2
Ghana;GHA;2001;58.1
Ghana;GHA;2002;58.6
Ghana;GHA;2003;59.1
Ghana;GHA;2004;59.2
Ghana;GHA;2005;59.8
Ghana;GHA;2006;60.0
Ghana;GHA;2007;60.2
Ghana;GHA;2008;60.5
Ghana;GHA;2009;60.9
Ghana;GHA;2010;61.2
Ghana;GHA;2011;61.7
Ghana;GHA;2012;62.1
Ghana;GHA;2013;62.4
Ghana;GHA;2014;63.0
Ghana;GHA;2015;63.2
Guinea;GIN;2000;52.5
Guinea;GIN;2001;52.7
Guinea;GIN;2002;53.3
Guinea;GIN;2003;53.7
Guinea;GIN;2004;54.1
Guinea;GIN;2005;54.6
Guinea;GIN;2006;55.1
Guinea;GIN;2007;55.6
Guinea;GIN;2008;56.0
Guinea;GIN;2009;56.3
Guinea;GIN;2010;56.7
Guinea;GIN;2011;57.0
Guinea;GIN;2012;57.4
Guinea;GIN;2013;57.8
Guinea;GIN;2014;57.9
Guinea;GIN;2015;58.1
Guinea-Bissau;GNB;2000;50.1
Guinea-Bissau;GNB;2001;50.4
Guinea-Bissau;GNB;2002;51.0
Guinea-Bissau;GNB;2003;51.4
Guinea-Bissau;GNB;2004;52.2
Guinea-Bissau;GNB;2005;52.2
Guinea-Bissau;GNB;2006;53.4
Guinea-Bissau;GNB;2007;54.2
Guinea-Bissau;GNB;2008;54.6
Guinea-Bissau;GNB;2009;55.5
Guinea-Bissau;GNB;2010;56.2
Guinea-Bissau;GNB;2011;57.0
Guinea-Bissau;GNB;2012;57.7
Guinea-Bissau;GNB;2013;58.2
Guinea-Bissau;GNB;2014;58.6
Guinea-Bissau;GNB;2015;59.1
Liberia;LBR;2000;51.4
Liberia;LBR;2001;52.8
Liberia;LBR;2002;53.8
Liberia;LBR;2003;53.0
Liberia;LBR;2004;56.0
Liberia;LBR;2005;56.9
Liberia;LBR;2006;57.6
Liberia;LBR;2007;58.3
Liberia;LBR;2008;58.8
Liberia;LBR;2009;59.2
Liberia;LBR;2010;59.4
Liberia;LBR;2011;59.6
Liberia;LBR;2012;59.9
Liberia;LBR;2013;59.9
Liberia;LBR;2014;59.1
Liberia;LBR;2015;59.1
Mali;MLI;2000;50.5
Mali;MLI;2001;51.3
Mali;MLI;2002;52.2
Mali;MLI;2003;52.9
Mali;MLI;2004;53.5
Mali;MLI;2005;54.0
Mali;MLI;2006;54.6
Mali;MLI;2007;54.9
Mali;MLI;2008;55.3
Mali;MLI;2009;55.9
Mali;MLI;2010;56.4
Mali;MLI;2011;56.8
Mali;MLI;2012;57.1
Mali;MLI;2013;57.4
Mali;MLI;2014;57.9
Mali;MLI;2015;58.4
Mauritania;MRT;2000;61.0
Mauritania;MRT;2001;61.2
Mauritania;MRT;2002;61.3
Mauritania;MRT;2003;61.3
Mauritania;MRT;2004;61.6
Mauritania;MRT;2005;61.7
Mauritania;MRT;2006;61.9
Mauritania;MRT;2007;62.2
Mauritania;MRT;2008;62.4
Mauritania;MRT;2009;62.8
Mauritania;MRT;2010;63.1
Mauritania;MRT;2011;63.3
Mauritania;MRT;2012;63.6
Mauritania;MRT;2013;63.9
Mauritania;MRT;2014;64.2
Mauritania;MRT;2015;64.5
Niger;NER;2000;49.3
Niger;NER;2001;49.8
Niger;NER;2002;50.6
Niger;NER;2003;51.4
Niger;NER;2004;52.6
Niger;NER;2005;53.6
Niger;NER;2006;54.6
Niger;NER;2007;55.6
Niger;NER;2008;56.5
Niger;NER;2009;57.4
Niger;NER;2010;58.4
Niger;NER;2011;59.0
Niger;NER;2012;59.7
Niger;NER;2013;60.2
Niger;NER;2014;60.8
Niger;NER;2015;61.1
Nigeria;NGA;2000;47.2
Nigeria;NGA;2001;47.6
Nigeria;NGA;2002;47.9
Nigeria;NGA;2003;48.4
Nigeria;NGA;2004;48.8
Nigeria;NGA;2005;49.3
Nigeria;NGA;2006;49.7
Nigeria;NGA;2007;50.0
Nigeria;NGA;2008;50.2
Nigeria;NGA;2009;50.7
Nigeria;NGA;2010;50.9
Nigeria;NGA;2011;51.4
Nigeria;NGA;2012;51.5
Nigeria;NGA;2013;51.7
Nigeria;NGA;2014;51.8
Nigeria;NGA;2015;51.8
Saint Helena;SHN;2000;75.8
Saint Helena;SHN;2001;76.0
Saint Helena;SHN;2002;75.8
Saint Helena;SHN;2003;76.4
Saint Helena;SHN;2004;77.1
Saint Helena;SHN;2005;77.2
Saint Helena;SHN;2006;76.8
Saint Helena;SHN;2007;75.7
Saint Helena;SHN;2008;75.8
Saint Helena;SHN;2009;76.1
Saint Helena;SHN;2010;76.5
Saint Helena;SHN;2011;76.6
Saint Helena;SHN;2012;76.2
Saint Helena;SHN;2013;76.2
Saint Helena;SHN;2014;75.6
Saint Helena;SHN;2015;75.2
Senegal;SEN;2000;56.9
Senegal;SEN;2001;57.6
Senegal;SEN;2002;58.2
Senegal;SEN;2003;59.1
Senegal;SEN;2004;60.0
Senegal;SEN;2005;60.9
Senegal;SEN;2006;61.8
Senegal;SEN;2007;62.5
Senegal;SEN;2008;63.2
Senegal;SEN;2009;63.9
Senegal;SEN;2010;64.6
Senegal;SEN;2011;65.3
Senegal;SEN;2012;65.5
Senegal;SEN;2013;66.1
Senegal;SEN;2014;66.5
Senegal;SEN;2015;66.9
Sierra Leone;SLE;2000;45.1
Sierra Leone;SLE;2001;45.7
Sierra Leone;SLE;2002;46.4
Sierra Leone;SLE;2003;47.0
Sierra Leone;SLE;2004;47.6
Sierra Leone;SLE;2005;48.2
Sierra Leone;SLE;2006;49.3
Sierra Leone;SLE;2007;50.4
Sierra Leone;SLE;2008;51.5
Sierra Leone;SLE;2009;52.6
Sierra Leone;SLE;2010;53.7
Sierra Leone;SLE;2011;54.6
Sierra Leone;SLE;2012;55.5
Sierra Leone;SLE;2013;56.3
Sierra Leone;SLE;2014;56.4
Sierra Leone;SLE;2015;57.2
Togo;TGO;2000;54.7
Togo;TGO;2001;54.9
Togo;TGO;2002;55.3
Togo;TGO;2003;55.6
Togo;TGO;2004;55.6
Togo;TGO;2005;56.0
Togo;TGO;2006;56.2
Togo;TGO;2007;56.5
Togo;TGO;2008;56.7
Togo;TGO;2009;57.0
Togo;TGO;2010;57.3
Togo;TGO;2011;57.9
Togo;TGO;2012;58.1
Togo;TGO;2013;58.7
Togo;TGO;2014;58.9
Togo;TGO;2015;59.4
Kazakhstan;KAZ;2000;64.2
Kazakhstan;KAZ;2001;64.4
Kazakhstan;KAZ;2002;64.3
Kazakhstan;KAZ;2003;64.6
Kazakhstan;KAZ;2004;64.9
Kazakhstan;KAZ;2005;65.1
Kazakhstan;KAZ;2006;65.6
Kazakhstan;KAZ;2007;65.9
Kazakhstan;KAZ;2008;66.7
Kazakhstan;KAZ;2009;67.3
Kazakhstan;KAZ;2010;68.1
Kazakhstan;KAZ;2011;68.7
Kazakhstan;KAZ;2012;69.1
Kazakhstan;KAZ;2013;69.8
Kazakhstan;KAZ;2014;70.3
Kazakhstan;KAZ;2015;70.7
Kyrgyzstan;KGZ;2000;65.4
Kyrgyzstan;KGZ;2001;65.8
Kyrgyzstan;KGZ;2002;65.9
Kyrgyzstan;KGZ;2003;66.2
Kyrgyzstan;KGZ;2004;66.3
Kyrgyzstan;KGZ;2005;66.4
Kyrgyzstan;KGZ;2006;66.8
Kyrgyzstan;KGZ;2007;67.0
Kyrgyzstan;KGZ;2008;67.2
Kyrgyzstan;KGZ;2009;67.8
Kyrgyzstan;KGZ;2010;68.3
Kyrgyzstan;KGZ;2011;68.6
Kyrgyzstan;KGZ;2012;69.0
Kyrgyzstan;KGZ;2013;69.2
Kyrgyzstan;KGZ;2014;69.9
Kyrgyzstan;KGZ;2015;70.0
Tajikistan;TJK;2000;63.3
Tajikistan;TJK;2001;64.1
Tajikistan;TJK;2002;64.8
Tajikistan;TJK;2003;65.6
Tajikistan;TJK;2004;66.0
Tajikistan;TJK;2005;66.5
Tajikistan;TJK;2006;67.0
Tajikistan;TJK;2007;67.2
Tajikistan;TJK;2008;67.7
Tajikistan;TJK;2009;68.0
Tajikistan;TJK;2010;67.7
Tajikistan;TJK;2011;68.1
Tajikistan;TJK;2012;68.5
Tajikistan;TJK;2013;68.9
Tajikistan;TJK;2014;69.1
Tajikistan;TJK;2015;69.3
Turkmenistan;TKM;2000;65.0
Turkmenistan;TKM;2001;65.2
Turkmenistan;TKM;2002;65.4
Turkmenistan;TKM;2003;65.7
Turkmenistan;TKM;2004;66.1
Turkmenistan;TKM;2005;66.1
Turkmenistan;TKM;2006;66.5
Turkmenistan;TKM;2007;66.9
Turkmenistan;TKM;2008;67.4
Turkmenistan;TKM;2009;68.0
Turkmenistan;TKM;2010;68.3
Turkmenistan;TKM;2011;68.6
Turkmenistan;TKM;2012;68.7
Turkmenistan;TKM;2013;68.7
Turkmenistan;TKM;2014;68.6
Turkmenistan;TKM;2015;68.8
Uzbekistan;UZB;2000;65.7
Uzbekistan;UZB;2001;66.1
Uzbekistan;UZB;2002;66.6
Uzbekistan;UZB;2003;67.0
Uzbekistan;UZB;2004;67.4
Uzbekistan;UZB;2005;67.5
Uzbekistan;UZB;2006;67.9
Uzbekistan;UZB;2007;68.3
Uzbekistan;UZB;2008;68.8
Uzbekistan;UZB;2009;68.9
Uzbekistan;UZB;2010;69.2
Uzbekistan;UZB;2011;69.6
Uzbekistan;UZB;2012;69.9
Uzbekistan;UZB;2013;70.0
Uzbekistan;UZB;2014;70.2
Uzbekistan;UZB;2015;70.5
China;CHN;2000;71.9
China;CHN;2001;72.6
China;CHN;2002;73.0
China;CHN;2003;73.4
China;CHN;2004;73.7
China;CHN;2005;74.1
China;CHN;2006;74.5
China;CHN;2007;74.8
China;CHN;2008;74.9
China;CHN;2009;75.3
China;CHN;2010;75.6
China;CHN;2011;75.9
China;CHN;2012;76.2
China;CHN;2013;76.5
China;CHN;2014;76.7
China;CHN;2015;77.0
China, Hong Kong SAR;HKG;2000;80.7
China, Hong Kong SAR;HKG;2001;81.1
China, Hong Kong SAR;HKG;2002;81.3
China, Hong Kong SAR;HKG;2003;81.2
China, Hong Kong SAR;HKG;2004;81.4
China, Hong Kong SAR;HKG;2005;81.8
China, Hong Kong SAR;HKG;2006;82.0
China, Hong Kong SAR;HKG;2007;82.2
China, Hong Kong SAR;HKG;2008;82.4
China, Hong Kong SAR;HKG;2009;82.6
China, Hong Kong SAR;HKG;2010;83.0
China, Hong Kong SAR;HKG;2011;83.2
China, Hong Kong SAR;HKG;2012;83.6
China, Hong Kong SAR;HKG;2013;83.8
China, Hong Kong SAR;HKG;2014;84.1
China, Hong Kong SAR;HKG;2015;84.3
China, Macao SAR;MAC;2000;81.0
China, Macao SAR;MAC;2001;81.2
China, Macao SAR;MAC;2002;81.3
China, Macao SAR;MAC;2003;81.5
China, Macao SAR;MAC;2004;81.7
China, Macao SAR;MAC;2005;82.0
China, Macao SAR;MAC;2006;82.3
China, Macao SAR;MAC;2007;82.5
China, Macao SAR;MAC;2008;82.9
China, Macao SAR;MAC;2009;83.3
China, Macao SAR;MAC;2010;83.1
China, Macao SAR;MAC;2011;83.2
China, Macao SAR;MAC;2012;83.3
China, Macao SAR;MAC;2013;83.7
China, Macao SAR;MAC;2014;83.9
China, Macao SAR;MAC;2015;84.0
China, Taiwan Province of China;TWN;2000;76.2
China, Taiwan Province of China;TWN;2001;76.5
China, Taiwan Province of China;TWN;2002;76.9
China, Taiwan Province of China;TWN;2003;77.1
China, Taiwan Province of China;TWN;2004;77.2
China, Taiwan Province of China;TWN;2005;77.2
China, Taiwan Province of China;TWN;2006;77.9
China, Taiwan Province of China;TWN;2007;78.1
China, Taiwan Province of China;TWN;2008;78.3
China, Taiwan Province of China;TWN;2009;78.8
China, Taiwan Province of China;TWN;2010;79.2
China, Taiwan Province of China;TWN;2011;79.0
China, Taiwan Province of China;TWN;2012;79.3
China, Taiwan Province of China;TWN;2013;79.7
China, Taiwan Province of China;TWN;2014;79.6
China, Taiwan Province of China;TWN;2015;79.9
Dem. People's Republic of Korea;PRK;2000;60.8
Dem. People's Republic of Korea;PRK;2001;60.7
Dem. People's Republic of Korea;PRK;2002;60.8
Dem. People's Republic of Korea;PRK;2003;69.5
Dem. People's Republic of Korea;PRK;2004;69.4
Dem. People's Republic of Korea;PRK;2005;69.3
Dem. People's Republic of Korea;PRK;2006;69.1
Dem. People's Republic of Korea;PRK;2007;68.9
Dem. People's Republic of Korea;PRK;2008;69.0
Dem. People's Republic of Korea;PRK;2009;69.7
Dem. People's Republic of Korea;PRK;2010;70.4
Dem. People's Republic of Korea;PRK;2011;71.0
Dem. People's Republic of Korea;PRK;2012;71.6
Dem. People's Republic of Korea;PRK;2013;72.3
Dem. People's Republic of Korea;PRK;2014;72.9
Dem. People's Republic of Korea;PRK;2015;72.8
Japan;JPN;2000;81.2
Japan;JPN;2001;81.5
Japan;JPN;2002;81.8
Japan;JPN;2003;81.9
Japan;JPN;2004;82.1
Japan;JPN;2005;82.0
Japan;JPN;2006;82.4
Japan;JPN;2007;82.6
Japan;JPN;2008;82.6
Japan;JPN;2009;83.0
Japan;JPN;2010;82.9
Japan;JPN;2011;82.7
Japan;JPN;2012;83.2
Japan;JPN;2013;83.4
Japan;JPN;2014;83.7
Japan;JPN;2015;83.9
Mongolia;MNG;2000;62.9
Mongolia;MNG;2001;63.3
Mongolia;MNG;2002;63.5
Mongolia;MNG;2003;64.2
Mongolia;MNG;2004;64.8
Mongolia;MNG;2005;64.9
Mongolia;MNG;2006;65.5
Mongolia;MNG;2007;66.0
Mongolia;MNG;2008;66.4
Mongolia;MNG;2009;66.8
Mongolia;MNG;2010;67.2
Mongolia;MNG;2011;67.4
Mongolia;MNG;2012;68.1
Mongolia;MNG;2013;68.6
Mongolia;MNG;2014;69.0
Mongolia;MNG;2015;69.5
Republic of Korea;KOR;2000;76.5
Republic of Korea;KOR;2001;77.3
Republic of Korea;KOR;2002;77.5
Republic of Korea;KOR;2003;77.5
Republic of Korea;KOR;2004;78.0
Republic of Korea;KOR;2005;78.5
Republic of Korea;KOR;2006;79.1
Republic of Korea;KOR;2007;79.5
Republic of Korea;KOR;2008;80.0
Republic of Korea;KOR;2009;80.6
Republic of Korea;KOR;2010;80.8
Republic of Korea;KOR;2011;81.2
Republic of Korea;KOR;2012;81.3
Republic of Korea;KOR;2013;81.9
Republic of Korea;KOR;2014;82.4
Republic of Korea;KOR;2015;82.6
Afghanistan;AFG;2000;55.3
Afghanistan;AFG;2001;55.8
Afghanistan;AFG;2002;56.5
Afghanistan;AFG;2003;57.3
Afghanistan;AFG;2004;57.9
Afghanistan;AFG;2005;58.4
Afghanistan;AFG;2006;58.7
Afghanistan;AFG;2007;59.1
Afghanistan;AFG;2008;59.9
Afghanistan;AFG;2009;60.4
Afghanistan;AFG;2010;60.9
Afghanistan;AFG;2011;61.4
Afghanistan;AFG;2012;61.9
Afghanistan;AFG;2013;62.4
Afghanistan;AFG;2014;62.5
Afghanistan;AFG;2015;62.7
Bangladesh;BGD;2000;65.8
Bangladesh;BGD;2001;66.1
Bangladesh;BGD;2002;66.6
Bangladesh;BGD;2003;66.8
Bangladesh;BGD;2004;67.2
Bangladesh;BGD;2005;67.3
Bangladesh;BGD;2006;67.2
Bangladesh;BGD;2007;66.7
Bangladesh;BGD;2008;67.1
Bangladesh;BGD;2009;67.4
Bangladesh;BGD;2010;68.6
Bangladesh;BGD;2011;68.8
Bangladesh;BGD;2012;69.6
Bangladesh;BGD;2013;69.6
Bangladesh;BGD;2014;70.0
Bangladesh;BGD;2015;70.5
Bhutan;BTN;2000;62.0
Bhutan;BTN;2001;63.4
Bhutan;BTN;2002;64.1
Bhutan;BTN;2003;64.7
Bhutan;BTN;2004;65.3
Bhutan;BTN;2005;65.8
Bhutan;BTN;2006;66.4
Bhutan;BTN;2007;67.0
Bhutan;BTN;2008;67.5
Bhutan;BTN;2009;67.9
Bhutan;BTN;2010;68.4
Bhutan;BTN;2011;68.9
Bhutan;BTN;2012;69.3
Bhutan;BTN;2013;69.7
Bhutan;BTN;2014;70.0
Bhutan;BTN;2015;70.3
India;IND;2000;62.7
India;IND;2001;63.1
India;IND;2002;63.6
India;IND;2003;64.1
India;IND;2004;64.5
India;IND;2005;65.0
India;IND;2006;65.4
India;IND;2007;65.8
India;IND;2008;66.1
India;IND;2009;66.5
India;IND;2010;66.9
India;IND;2011;67.4
India;IND;2012;67.9
India;IND;2013;68.5
India;IND;2014;69.1
India;IND;2015;69.6
Iran (Islamic Republic of);IRN;2000;69.7
Iran (Islamic Republic of);IRN;2001;70.0
Iran (Islamic Republic of);IRN;2002;70.4
Iran (Islamic Republic of);IRN;2003;69.8
Iran (Islamic Republic of);IRN;2004;71.4
Iran (Islamic Republic of);IRN;2005;71.8
Iran (Islamic Republic of);IRN;2006;72.3
Iran (Islamic Republic of);IRN;2007;72.8
Iran (Islamic Republic of);IRN;2008;72.6
Iran (Islamic Republic of);IRN;2009;72.7
Iran (Islamic Republic of);IRN;2010;73.1
Iran (Islamic Republic of);IRN;2011;73.7
Iran (Islamic Republic of);IRN;2012;74.2
Iran (Islamic Republic of);IRN;2013;74.4
Iran (Islamic Republic of);IRN;2014;74.8
Iran (Islamic Republic of);IRN;2015;75.1
Maldives;MDV;2000;70.9
Maldives;MDV;2001;72.2
Maldives;MDV;2002;73.3
Maldives;MDV;2003;74.1
Maldives;MDV;2004;73.5
Maldives;MDV;2005;74.8
Maldives;MDV;2006;75.1
Maldives;MDV;2007;75.7
Maldives;MDV;2008;76.5
Maldives;MDV;2009;77.1
Maldives;MDV;2010;77.7
Maldives;MDV;2011;78.1
Maldives;MDV;2012;78.7
Maldives;MDV;2013;79.1
Maldives;MDV;2014;79.4
Maldives;MDV;2015;79.7
Nepal;NPL;2000;62.6
Nepal;NPL;2001;63.3
Nepal;NPL;2002;63.3
Nepal;NPL;2003;64.2
Nepal;NPL;2004;64.8
Nepal;NPL;2005;65.5
Nepal;NPL;2006;65.9
Nepal;NPL;2007;66.3
Nepal;NPL;2008;66.4
Nepal;NPL;2009;66.8
Nepal;NPL;2010;66.8
Nepal;NPL;2011;67.3
Nepal;NPL;2012;67.5
Nepal;NPL;2013;68.0
Nepal;NPL;2014;68.1
Nepal;NPL;2015;67.5
Pakistan;PAK;2000;62.1
Pakistan;PAK;2001;62.4
Pakistan;PAK;2002;62.6
Pakistan;PAK;2003;62.8
Pakistan;PAK;2004;63.1
Pakistan;PAK;2005;62.5
Pakistan;PAK;2006;63.7
Pakistan;PAK;2007;63.9
Pakistan;PAK;2008;64.0
Pakistan;PAK;2009;64.1
Pakistan;PAK;2010;64.4
Pakistan;PAK;2011;64.6
Pakistan;PAK;2012;64.8
Pakistan;PAK;2013;65.2
Pakistan;PAK;2014;65.3
Pakistan;PAK;2015;65.7
Sri Lanka;LKA;2000;70.4
Sri Lanka;LKA;2001;70.8
Sri Lanka;LKA;2002;71.1
Sri Lanka;LKA;2003;71.4
Sri Lanka;LKA;2004;67.1
Sri Lanka;LKA;2005;72.1
Sri Lanka;LKA;2006;72.0
Sri Lanka;LKA;2007;72.0
Sri Lanka;LKA;2008;71.7
Sri Lanka;LKA;2009;69.2
Sri Lanka;LKA;2010;73.2
Sri Lanka;LKA;2011;73.4
Sri Lanka;LKA;2012;73.9
Sri Lanka;LKA;2013;74.2
Sri Lanka;LKA;2014;74.7
Sri Lanka;LKA;2015;74.9
Brunei Darussalam;BRN;2000;74.1
Brunei Darussalam;BRN;2001;74.3
Brunei Darussalam;BRN;2002;74.4
Brunei Darussalam;BRN;2003;74.6
Brunei Darussalam;BRN;2004;74.7
Brunei Darussalam;BRN;2005;74.7
Brunei Darussalam;BRN;2006;74.8
Brunei Darussalam;BRN;2007;74.8
Brunei Darussalam;BRN;2008;74.8
Brunei Darussalam;BRN;2009;74.8
Brunei Darussalam;BRN;2010;74.8
Brunei Darussalam;BRN;2011;74.9
Brunei Darussalam;BRN;2012;74.8
Brunei Darussalam;BRN;2013;74.8
Brunei Darussalam;BRN;2014;74.8
Brunei Darussalam;BRN;2015;74.8
Cambodia;KHM;2000;58.6
Cambodia;KHM;2001;60.0
Cambodia;KHM;2002;61.2
Cambodia;KHM;2003;62.5
Cambodia;KHM;2004;63.6
Cambodia;KHM;2005;64.3
Cambodia;KHM;2006;65.1
Cambodia;KHM;2007;65.7
Cambodia;KHM;2008;66.5
Cambodia;KHM;2009;67.4
Cambodia;KHM;2010;67.7
Cambodia;KHM;2011;68.4
Cambodia;KHM;2012;68.9
Cambodia;KHM;2013;69.3
Cambodia;KHM;2014;69.7
Cambodia;KHM;2015;69.9
Indonesia;IDN;2000;66.4
Indonesia;IDN;2001;66.8
Indonesia;IDN;2002;67.1
Indonesia;IDN;2003;67.4
Indonesia;IDN;2004;65.8
Indonesia;IDN;2005;67.6
Indonesia;IDN;2006;67.9
Indonesia;IDN;2007;68.2
Indonesia;IDN;2008;68.2
Indonesia;IDN;2009;68.5
Indonesia;IDN;2010;68.7
Indonesia;IDN;2011;68.8
Indonesia;IDN;2012;69.0
Indonesia;IDN;2013;69.3
Indonesia;IDN;2014;69.5
Indonesia;IDN;2015;69.7
Lao People's Democratic Republic;LAO;2000;58.4
Lao People's Democratic Republic;LAO;2001;59.1
Lao People's Democratic Republic;LAO;2002;59.5
Lao People's Democratic Republic;LAO;2003;60.0
Lao People's Democratic Republic;LAO;2004;60.3
Lao People's Democratic Republic;LAO;2005;61.0
Lao People's Democratic Republic;LAO;2006;61.5
Lao People's Democratic Republic;LAO;2007;62.1
Lao People's Democratic Republic;LAO;2008;62.6
Lao People's Democratic Republic;LAO;2009;63.3
Lao People's Democratic Republic;LAO;2010;64.0
Lao People's Democratic Republic;LAO;2011;64.7
Lao People's Democratic Republic;LAO;2012;65.4
Lao People's Democratic Republic;LAO;2013;65.7
Lao People's Democratic Republic;LAO;2014;66.4
Lao People's Democratic Republic;LAO;2015;66.7
Malaysia;MYS;2000;72.8
Malaysia;MYS;2001;73.3
Malaysia;MYS;2002;73.6
Malaysia;MYS;2003;73.8
Malaysia;MYS;2004;73.9
Malaysia;MYS;2005;74.1
Malaysia;MYS;2006;74.2
Malaysia;MYS;2007;74.2
Malaysia;MYS;2008;74.3
Malaysia;MYS;2009;74.2
Malaysia;MYS;2010;74.4
Malaysia;MYS;2011;74.7
Malaysia;MYS;2012;74.9
Malaysia;MYS;2013;75.0
Malaysia;MYS;2014;75.1
Malaysia;MYS;2015;75.1
Myanmar;MMR;2000;60.2
Myanmar;MMR;2001;60.4
Myanmar;MMR;2002;60.7
Myanmar;MMR;2003;61.0
Myanmar;MMR;2004;61.3
Myanmar;MMR;2005;61.6
Myanmar;MMR;2006;61.9
Myanmar;MMR;2007;62.4
Myanmar;MMR;2008;56.5
Myanmar;MMR;2009;63.2
Myanmar;MMR;2010;63.3
Myanmar;MMR;2011;63.9
Myanmar;MMR;2012;64.1
Myanmar;MMR;2013;64.8
Myanmar;MMR;2014;65.1
Myanmar;MMR;2015;65.6
Philippines;PHL;2000;69.4
Philippines;PHL;2001;69.6
Philippines;PHL;2002;69.8
Philippines;PHL;2003;69.9
Philippines;PHL;2004;70.0
Philippines;PHL;2005;70.2
Philippines;PHL;2006;70.3
Philippines;PHL;2007;70.5
Philippines;PHL;2008;70.6
Philippines;PHL;2009;70.6
Philippines;PHL;2010;70.8
Philippines;PHL;2011;70.8
Philippines;PHL;2012;70.9
Philippines;PHL;2013;70.8
Philippines;PHL;2014;71.2
Philippines;PHL;2015;71.3
Singapore;SGP;2000;79.1
Singapore;SGP;2001;79.2
Singapore;SGP;2002;79.3
Singapore;SGP;2003;79.4
Singapore;SGP;2004;79.8
Singapore;SGP;2005;80.4
Singapore;SGP;2006;80.7
Singapore;SGP;2007;81.0
Singapore;SGP;2008;81.2
Singapore;SGP;2009;81.5
Singapore;SGP;2010;81.7
Singapore;SGP;2011;82.0
Singapore;SGP;2012;82.2
Singapore;SGP;2013;82.5
Singapore;SGP;2014;82.7
Singapore;SGP;2015;82.8
Thailand;THA;2000;72.3
Thailand;THA;2001;72.6
Thailand;THA;2002;72.9
Thailand;THA;2003;73.2
Thailand;THA;2004;73.1
Thailand;THA;2005;73.8
Thailand;THA;2006;74.9
Thailand;THA;2007;75.2
Thailand;THA;2008;75.5
Thailand;THA;2009;75.8
Thailand;THA;2010;76.1
Thailand;THA;2011;76.4
Thailand;THA;2012;76.8
Thailand;THA;2013;77.1
Thailand;THA;2014;77.4
Thailand;THA;2015;77.7
Timor-Leste;TLS;2000;58.6
Timor-Leste;TLS;2001;59.4
Timor-Leste;TLS;2002;60.1
Timor-Leste;TLS;2003;60.9
Timor-Leste;TLS;2004;61.6
Timor-Leste;TLS;2005;62.3
Timor-Leste;TLS;2006;63.1
Timor-Leste;TLS;2007;63.7
Timor-Leste;TLS;2008;64.3
Timor-Leste;TLS;2009;64.9
Timor-Leste;TLS;2010;65.3
Timor-Leste;TLS;2011;65.7
Timor-Leste;TLS;2012;66.1
Timor-Leste;TLS;2013;66.4
Timor-Leste;TLS;2014;66.8
Timor-Leste;TLS;2015;67.1
Viet Nam;VNM;2000;72.5
Viet Nam;VNM;2001;72.6
Viet Nam;VNM;2002;72.8
Viet Nam;VNM;2003;73.0
Viet Nam;VNM;2004;73.1
Viet Nam;VNM;2005;73.3
Viet Nam;VNM;2006;73.3
Viet Nam;VNM;2007;73.4
Viet Nam;VNM;2008;73.4
Viet Nam;VNM;2009;73.5
Viet Nam;VNM;2010;73.5
Viet Nam;VNM;2011;73.7
Viet Nam;VNM;2012;73.7
Viet Nam;VNM;2013;73.8
Viet Nam;VNM;2014;73.9
Viet Nam;VNM;2015;73.9
Armenia;ARM;2000;70.6
Armenia;ARM;2001;70.9
Armenia;ARM;2002;71.0
Armenia;ARM;2003;71.4
Armenia;ARM;2004;71.4
Armenia;ARM;2005;71.8
Armenia;ARM;2006;72.0
Armenia;ARM;2007;72.3
Armenia;ARM;2008;72.4
Armenia;ARM;2009;72.8
Armenia;ARM;2010;73.2
Armenia;ARM;2011;73.3
Armenia;ARM;2012;73.5
Armenia;ARM;2013;73.7
Armenia;ARM;2014;74.1
Armenia;ARM;2015;74.4
Azerbaijan;AZE;2000;64.9
Azerbaijan;AZE;2001;65.5
Azerbaijan;AZE;2002;66.2
Azerbaijan;AZE;2003;66.8
Azerbaijan;AZE;2004;67.3
Azerbaijan;AZE;2005;67.6
Azerbaijan;AZE;2006;68.2
Azerbaijan;AZE;2007;68.6
Azerbaijan;AZE;2008;68.8
Azerbaijan;AZE;2009;69.4
Azerbaijan;AZE;2010;69.5
Azerbaijan;AZE;2011;70.0
Azerbaijan;AZE;2012;70.4
Azerbaijan;AZE;2013;70.9
Azerbaijan;AZE;2014;71.1
Azerbaijan;AZE;2015;71.5
Bahrain;BHR;2000;75.5
Bahrain;BHR;2001;75.9
Bahrain;BHR;2002;76.1
Bahrain;BHR;2003;76.3
Bahrain;BHR;2004;76.6
Bahrain;BHR;2005;76.9
Bahrain;BHR;2006;77.2
Bahrain;BHR;2007;77.6
Bahrain;BHR;2008;78.1
Bahrain;BHR;2009;78.5
Bahrain;BHR;2010;78.7
Bahrain;BHR;2011;78.9
Bahrain;BHR;2012;79.1
Bahrain;BHR;2013;79.2
Bahrain;BHR;2014;79.3
Bahrain;BHR;2015;79.4
Cyprus;CYP;2000;76.6
Cyprus;CYP;2001;77.0
Cyprus;CYP;2002;77.5
Cyprus;CYP;2003;77.8
Cyprus;CYP;2004;77.9
Cyprus;CYP;2005;78.1
Cyprus;CYP;2006;78.4
Cyprus;CYP;2007;78.8
Cyprus;CYP;2008;79.0
Cyprus;CYP;2009;79.4
Cyprus;CYP;2010;79.7
Cyprus;CYP;2011;80.0
Cyprus;CYP;2012;80.1
Cyprus;CYP;2013;80.4
Cyprus;CYP;2014;80.8
Cyprus;CYP;2015;81.0
Georgia;GEO;2000;69.6
Georgia;GEO;2001;69.6
Georgia;GEO;2002;70.0
Georgia;GEO;2003;70.3
Georgia;GEO;2004;70.6
Georgia;GEO;2005;71.1
Georgia;GEO;2006;71.4
Georgia;GEO;2007;71.6
Georgia;GEO;2008;71.3
Georgia;GEO;2009;72.0
Georgia;GEO;2010;72.1
Georgia;GEO;2011;72.4
Georgia;GEO;2012;72.4
Georgia;GEO;2013;72.6
Georgia;GEO;2014;73.1
Georgia;GEO;2015;73.3
Iraq;IRQ;2000;66.8
Iraq;IRQ;2001;67.0
Iraq;IRQ;2002;67.1
Iraq;IRQ;2003;65.6
Iraq;IRQ;2004;65.0
Iraq;IRQ;2005;64.8
Iraq;IRQ;2006;63.6
Iraq;IRQ;2007;63.6
Iraq;IRQ;2008;64.9
Iraq;IRQ;2009;66.4
Iraq;IRQ;2010;67.1
Iraq;IRQ;2011;67.7
Iraq;IRQ;2012;68.0
Iraq;IRQ;2013;68.3
Iraq;IRQ;2014;68.9
Iraq;IRQ;2015;69.4
Israel;ISR;2000;78.9
Israel;ISR;2001;79.3
Israel;ISR;2002;79.3
Israel;ISR;2003;79.6
Israel;ISR;2004;80.1
Israel;ISR;2005;80.2
Israel;ISR;2006;80.5
Israel;ISR;2007;80.7
Israel;ISR;2008;81.1
Israel;ISR;2009;81.6
Israel;ISR;2010;81.7
Israel;ISR;2011;81.7
Israel;ISR;2012;81.7
Israel;ISR;2013;82.1
Israel;ISR;2014;82.2
Israel;ISR;2015;82.1
Jordan;JOR;2000;71.9
Jordan;JOR;2001;72.1
Jordan;JOR;2002;72.4
Jordan;JOR;2003;72.6
Jordan;JOR;2004;72.8
Jordan;JOR;2005;72.9
Jordan;JOR;2006;73.1
Jordan;JOR;2007;73.4
Jordan;JOR;2008;73.6
Jordan;JOR;2009;73.8
Jordan;JOR;2010;74.0
Jordan;JOR;2011;74.2
Jordan;JOR;2012;74.4
Jordan;JOR;2013;74.6
Jordan;JOR;2014;74.8
Jordan;JOR;2015;75.0
Kuwait;KWT;2000;76.7
Kuwait;KWT;2001;76.9
Kuwait;KWT;2002;77.0
Kuwait;KWT;2003;77.0
Kuwait;KWT;2004;76.8
Kuwait;KWT;2005;76.9
Kuwait;KWT;2006;76.9
Kuwait;KWT;2007;77.0
Kuwait;KWT;2008;77.1
Kuwait;KWT;2009;77.4
Kuwait;KWT;2010;78.0
Kuwait;KWT;2011;78.5
Kuwait;KWT;2012;78.8
Kuwait;KWT;2013;79.2
Kuwait;KWT;2014;79.4
Kuwait;KWT;2015;79.6
Lebanon;LBN;2000;73.9
Lebanon;LBN;2001;74.4
Lebanon;LBN;2002;75.1
Lebanon;LBN;2003;75.6
Lebanon;LBN;2004;76.0
Lebanon;LBN;2005;76.3
Lebanon;LBN;2006;76.1
Lebanon;LBN;2007;77.1
Lebanon;LBN;2008;77.6
Lebanon;LBN;2009;77.9
Lebanon;LBN;2010;78.2
Lebanon;LBN;2011;78.4
Lebanon;LBN;2012;78.6
Lebanon;LBN;2013;78.8
Lebanon;LBN;2014;79.0
Lebanon;LBN;2015;79.2
Oman;OMN;2000;73.5
Oman;OMN;2001;73.8
Oman;OMN;2002;73.9
Oman;OMN;2003;74.1
Oman;OMN;2004;74.3
Oman;OMN;2005;74.4
Oman;OMN;2006;74.5
Oman;OMN;2007;74.5
Oman;OMN;2008;74.6
Oman;OMN;2009;74.7
Oman;OMN;2010;76.3
Oman;OMN;2011;76.6
Oman;OMN;2012;77.1
Oman;OMN;2013;77.2
Oman;OMN;2014;77.4
Oman;OMN;2015;77.7
Qatar;QAT;2000;74.8
Qatar;QAT;2001;75.3
Qatar;QAT;2002;75.4
Qatar;QAT;2003;75.6
Qatar;QAT;2004;76.0
Qatar;QAT;2005;76.1
Qatar;QAT;2006;76.6
Qatar;QAT;2007;77.0
Qatar;QAT;2008;77.4
Qatar;QAT;2009;77.9
Qatar;QAT;2010;78.4
Qatar;QAT;2011;78.9
Qatar;QAT;2012;79.2
Qatar;QAT;2013;79.5
Qatar;QAT;2014;79.8
Qatar;QAT;2015;80.1
Saudi Arabia;SAU;2000;72.5
Saudi Arabia;SAU;2001;73.0
Saudi Arabia;SAU;2002;73.3
Saudi Arabia;SAU;2003;73.6
Saudi Arabia;SAU;2004;74.2
Saudi Arabia;SAU;2005;74.6
Saudi Arabia;SAU;2006;74.8
Saudi Arabia;SAU;2007;75.0
Saudi Arabia;SAU;2008;75.3
Saudi Arabia;SAU;2009;75.4
Saudi Arabia;SAU;2010;75.8
Saudi Arabia;SAU;2011;76.2
Saudi Arabia;SAU;2012;76.5
Saudi Arabia;SAU;2013;76.6
Saudi Arabia;SAU;2014;76.8
Saudi Arabia;SAU;2015;76.9
State of Palestine;PSE;2000;70.4
State of Palestine;PSE;2001;69.9
State of Palestine;PSE;2002;71.0
State of Palestine;PSE;2003;71.1
State of Palestine;PSE;2004;71.2
State of Palestine;PSE;2005;72.1
State of Palestine;PSE;2006;71.9
State of Palestine;PSE;2007;72.2
State of Palestine;PSE;2008;72.4
State of Palestine;PSE;2009;72.6
State of Palestine;PSE;2010;73.0
State of Palestine;PSE;2011;73.2
State of Palestine;PSE;2012;73.5
State of Palestine;PSE;2013;74.0
State of Palestine;PSE;2014;72.6
State of Palestine;PSE;2015;74.4
Syrian Arab Republic;SYR;2000;70.8
Syrian Arab Republic;SYR;2001;71.6
Syrian Arab Republic;SYR;2002;71.9
Syrian Arab Republic;SYR;2003;72.4
Syrian Arab Republic;SYR;2004;72.5
Syrian Arab Republic;SYR;2005;72.8
Syrian Arab Republic;SYR;2006;73.4
Syrian Arab Republic;SYR;2007;73.7
Syrian Arab Republic;SYR;2008;73.6
Syrian Arab Republic;SYR;2009;73.9
Syrian Arab Republic;SYR;2010;73.9
Syrian Arab Republic;SYR;2011;73.3
Syrian Arab Republic;SYR;2012;66.8
Syrian Arab Republic;SYR;2013;63.8
Syrian Arab Republic;SYR;2014;63.2
Syrian Arab Republic;SYR;2015;65.1
Türkiye;TUR;2000;71.9
Türkiye;TUR;2001;72.2
Türkiye;TUR;2002;72.6
Türkiye;TUR;2003;72.9
Türkiye;TUR;2004;73.2
Türkiye;TUR;2005;73.5
Türkiye;TUR;2006;73.8
Türkiye;TUR;2007;74.2
Türkiye;TUR;2008;74.5
Türkiye;TUR;2009;74.8
Türkiye;TUR;2010;75.1
Türkiye;TUR;2011;74.9
Türkiye;TUR;2012;75.7
Türkiye;TUR;2013;76.3
Türkiye;TUR;2014;76.6
Türkiye;TUR;2015;76.6
United Arab Emirates;ARE;2000;74.4
United Arab Emirates;ARE;2001;74.6
United Arab Emirates;ARE;2002;74.9
United Arab Emirates;ARE;2003;76.2
United Arab Emirates;ARE;2004;76.5
United Arab Emirates;ARE;2005;76.7
United Arab Emirates;ARE;2006;76.9
United Arab Emirates;ARE;2007;77.1
United Arab Emirates;ARE;2008;77.5
United Arab Emirates;ARE;2009;78.0
United Arab Emirates;ARE;2010;78.3
United Arab Emirates;ARE;2011;78.5
United Arab Emirates;ARE;2012;78.7
United Arab Emirates;ARE;2013;78.9
United Arab Emirates;ARE;2014;79.0
United Arab Emirates;ARE;2015;79.2
Yemen;YEM;2000;62.6
Yemen;YEM;2001;63.2
Yemen;YEM;2002;63.9
Yemen;YEM;2003;64.5
Yemen;YEM;2004;65.0
Yemen;YEM;2005;65.5
Yemen;YEM;2006;66.0
Yemen;YEM;2007;66.6
Yemen;YEM;2008;67.0
Yemen;YEM;2009;67.2
Yemen;YEM;2010;67.3
Yemen;YEM;2011;67.4
Yemen;YEM;2012;67.3
Yemen;YEM;2013;67.5
Yemen;YEM;2014;67.4
Yemen;YEM;2015;65.9
Belarus;BLR;2000;69.2
Belarus;BLR;2001;68.9
Belarus;BLR;2002;68.5
Belarus;BLR;2003;68.9
Belarus;BLR;2004;69.4
Belarus;BLR;2005;69.4
Belarus;BLR;2006;70.0
Belarus;BLR;2007;70.8
Belarus;BLR;2008;70.9
Belarus;BLR;2009;71.1
Belarus;BLR;2010;71.1
Belarus;BLR;2011;71.5
Belarus;BLR;2012;72.6
Belarus;BLR;2013;73.0
Belarus;BLR;2014;73.6
Belarus;BLR;2015;74.0
Bulgaria;BGR;2000;71.6
Bulgaria;BGR;2001;71.9
Bulgaria;BGR;2002;72.2
Bulgaria;BGR;2003;72.4
Bulgaria;BGR;2004;72.6
Bulgaria;BGR;2005;72.6
Bulgaria;BGR;2006;72.7
Bulgaria;BGR;2007;73.0
Bulgaria;BGR;2008;73.4
Bulgaria;BGR;2009;73.7
Bulgaria;BGR;2010;73.8
Bulgaria;BGR;2011;74.2
Bulgaria;BGR;2012;74.4
Bulgaria;BGR;2013;74.8
Bulgaria;BGR;2014;74.5
Bulgaria;BGR;2015;74.6
Czechia;CZE;2000;75.0
Czechia;CZE;2001;75.3
Czechia;CZE;2002;75.4
Czechia;CZE;2003;75.4
Czechia;CZE;2004;75.9
Czechia;CZE;2005;76.2
Czechia;CZE;2006;76.7
Czechia;CZE;2007;76.9
Czechia;CZE;2008;77.2
Czechia;CZE;2009;77.3
Czechia;CZE;2010;77.6
Czechia;CZE;2011;77.8
Czechia;CZE;2012;78.0
Czechia;CZE;2013;78.2
Czechia;CZE;2014;78.8
Czechia;CZE;2015;78.6
Hungary;HUN;2000;71.8
Hungary;HUN;2001;72.4
Hungary;HUN;2002;72.5
Hungary;HUN;2003;72.5
Hungary;HUN;2004;72.9
Hungary;HUN;2005;72.9
Hungary;HUN;2006;73.3
Hungary;HUN;2007;73.4
Hungary;HUN;2008;74.0
Hungary;HUN;2009;74.2
Hungary;HUN;2010;74.5
Hungary;HUN;2011;74.9
Hungary;HUN;2012;75.2
Hungary;HUN;2013;75.7
Hungary;HUN;2014;75.8
Hungary;HUN;2015;75.7
Poland;POL;2000;73.7
Poland;POL;2001;74.2
Poland;POL;2002;74.6
Poland;POL;2003;74.7
Poland;POL;2004;75.0
Poland;POL;2005;75.1
Poland;POL;2006;75.3
Poland;POL;2007;75.3
Poland;POL;2008;75.6
Poland;POL;2009;75.8
Poland;POL;2010;76.3
Poland;POL;2011;76.7
Poland;POL;2012;76.7
Poland;POL;2013;77.0
Poland;POL;2014;77.6
Poland;POL;2015;77.4
Republic of Moldova;MDA;2000;66.4
Republic of Moldova;MDA;2001;66.8
Republic of Moldova;MDA;2002;66.9
Republic of Moldova;MDA;2003;67.4
Republic of Moldova;MDA;2004;67.9
Republic of Moldova;MDA;2005;68.2
Republic of Moldova;MDA;2006;68.5
Republic of Moldova;MDA;2007;68.9
Republic of Moldova;MDA;2008;69.4
Republic of Moldova;MDA;2009;69.6
Republic of Moldova;MDA;2010;69.4
Republic of Moldova;MDA;2011;69.2
Republic of Moldova;MDA;2012;69.1
Republic of Moldova;MDA;2013;69.1
Republic of Moldova;MDA;2014;69.0
Republic of Moldova;MDA;2015;69.2
Romania;ROU;2000;71.3
Romania;ROU;2001;71.3
Romania;ROU;2002;70.7
Romania;ROU;2003;69.8
Romania;ROU;2004;69.5
Romania;ROU;2005;70.6
Romania;ROU;2006;71.5
Romania;ROU;2007;72.5
Romania;ROU;2008;73.6
Romania;ROU;2009;74.0
Romania;ROU;2010;74.0
Romania;ROU;2011;74.4
Romania;ROU;2012;74.4
Romania;ROU;2013;75.0
Romania;ROU;2014;74.9
Romania;ROU;2015;74.8
Russian Federation;RUS;2000;65.3
Russian Federation;RUS;2001;65.4
Russian Federation;RUS;2002;65.1
Russian Federation;RUS;2003;65.3
Russian Federation;RUS;2004;65.9
Russian Federation;RUS;2005;66.1
Russian Federation;RUS;2006;67.3
Russian Federation;RUS;2007;68.2
Russian Federation;RUS;2008;68.5
Russian Federation;RUS;2009;69.2
Russian Federation;RUS;2010;69.4
Russian Federation;RUS;2011;70.4
Russian Federation;RUS;2012;70.8
Russian Federation;RUS;2013;71.3
Russian Federation;RUS;2014;71.6
Russian Federation;RUS;2015;72.1
Slovakia;SVK;2000;73.1
Slovakia;SVK;2001;73.6
Slovakia;SVK;2002;73.8
Slovakia;SVK;2003;73.8
Slovakia;SVK;2004;74.2
Slovakia;SVK;2005;74.2
Slovakia;SVK;2006;74.4
Slovakia;SVK;2007;74.5
Slovakia;SVK;2008;74.9
Slovakia;SVK;2009;75.2
Slovakia;SVK;2010;75.5
Slovakia;SVK;2011;76.0
Slovakia;SVK;2012;76.2
Slovakia;SVK;2013;76.5
Slovakia;SVK;2014;76.8
Slovakia;SVK;2015;76.6
Ukraine;UKR;2000;67.9
Ukraine;UKR;2001;68.2
Ukraine;UKR;2002;68.2
Ukraine;UKR;2003;68.2
Ukraine;UKR;2004;68.4
Ukraine;UKR;2005;68.2
Ukraine;UKR;2006;68.7
Ukraine;UKR;2007;68.8
Ukraine;UKR;2008;69.1
Ukraine;UKR;2009;70.2
Ukraine;UKR;2010;70.6
Ukraine;UKR;2011;71.4
Ukraine;UKR;2012;71.6
Ukraine;UKR;2013;71.9
Ukraine;UKR;2014;72.6
Ukraine;UKR;2015;73.5
Denmark;DNK;2000;76.8
Denmark;DNK;2001;77.0
Denmark;DNK;2002;77.1
Denmark;DNK;2003;77.4
Denmark;DNK;2004;77.8
Denmark;DNK;2005;78.2
Denmark;DNK;2006;78.2
Denmark;DNK;2007;78.3
Denmark;DNK;2008;78.7
Denmark;DNK;2009;79.0
Denmark;DNK;2010;79.2
Denmark;DNK;2011;79.8
Denmark;DNK;2012;80.1
Denmark;DNK;2013;80.3
Denmark;DNK;2014;80.6
Denmark;DNK;2015;80.7
Estonia;EST;2000;71.3
Estonia;EST;2001;71.4
Estonia;EST;2002;71.9
Estonia;EST;2003;72.2
Estonia;EST;2004;72.6
Estonia;EST;2005;73.2
Estonia;EST;2006;73.5
Estonia;EST;2007;73.6
Estonia;EST;2008;74.4
Estonia;EST;2009;75.2
Estonia;EST;2010;75.7
Estonia;EST;2011;76.5
Estonia;EST;2012;76.5
Estonia;EST;2013;77.1
Estonia;EST;2014;77.1
Estonia;EST;2015;77.7
Faroe Islands;FRO;2000;77.7
Faroe Islands;FRO;2001;76.9
Faroe Islands;FRO;2002;76.6
Faroe Islands;FRO;2003;78.3
Faroe Islands;FRO;2004;77.0
Faroe Islands;FRO;2005;75.7
Faroe Islands;FRO;2006;77.8
Faroe Islands;FRO;2007;78.2
Faroe Islands;FRO;2008;78.0
Faroe Islands;FRO;2009;78.6
Faroe Islands;FRO;2010;77.2
Faroe Islands;FRO;2011;78.2
Faroe Islands;FRO;2012;78.9
Faroe Islands;FRO;2013;78.8
Faroe Islands;FRO;2014;79.9
Faroe Islands;FRO;2015;79.7
Finland;FIN;2000;77.7
Finland;FIN;2001;78.1
Finland;FIN;2002;78.3
Finland;FIN;2003;78.5
Finland;FIN;2004;78.8
Finland;FIN;2005;79.0
Finland;FIN;2006;79.4
Finland;FIN;2007;79.4
Finland;FIN;2008;79.7
Finland;FIN;2009;79.8
Finland;FIN;2010;80.0
Finland;FIN;2011;80.4
Finland;FIN;2012;80.5
Finland;FIN;2013;80.9
Finland;FIN;2014;81.0
Finland;FIN;2015;81.4
Guernsey;GGY;2000;79.8
Guernsey;GGY;2001;79.9
Guernsey;GGY;2002;80.0
Guernsey;GGY;2003;79.9
Guernsey;GGY;2004;80.6
Guernsey;GGY;2005;81.0
Guernsey;GGY;2006;81.8
Guernsey;GGY;2007;81.7
Guernsey;GGY;2008;82.7
Guernsey;GGY;2009;82.0
Guernsey;GGY;2010;82.4
Guernsey;GGY;2011;82.9
Guernsey;GGY;2012;82.4
Guernsey;GGY;2013;82.4
Guernsey;GGY;2014;82.8
Guernsey;GGY;2015;82.3
Iceland;ISL;2000;79.9
Iceland;ISL;2001;80.7
Iceland;ISL;2002;80.5
Iceland;ISL;2003;80.8
Iceland;ISL;2004;81.0
Iceland;ISL;2005;81.2
Iceland;ISL;2006;81.2
Iceland;ISL;2007;81.4
Iceland;ISL;2008;81.4
Iceland;ISL;2009;81.6
Iceland;ISL;2010;81.7
Iceland;ISL;2011;82.2
Iceland;ISL;2012;82.6
Iceland;ISL;2013;81.9
Iceland;ISL;2014;82.6
Iceland;ISL;2015;82.4
Ireland;IRL;2000;76.5
Ireland;IRL;2001;77.1
Ireland;IRL;2002;77.6
Ireland;IRL;2003;78.1
Ireland;IRL;2004;78.5
Ireland;IRL;2005;78.9
Ireland;IRL;2006;79.2
Ireland;IRL;2007;79.6
Ireland;IRL;2008;79.8
Ireland;IRL;2009;80.0
Ireland;IRL;2010;80.5
Ireland;IRL;2011;80.6
Ireland;IRL;2012;80.8
Ireland;IRL;2013;81.0
Ireland;IRL;2014;81.3
Ireland;IRL;2015;81.4
Isle of Man;IMN;2000;74.7
Isle of Man;IMN;2001;75.5
Isle of Man;IMN;2002;75.4
Isle of Man;IMN;2003;76.1
Isle of Man;IMN;2004;77.0
Isle of Man;IMN;2005;77.6
Isle of Man;IMN;2006;78.2
Isle of Man;IMN;2007;78.3
Isle of Man;IMN;2008;78.4
Isle of Man;IMN;2009;78.7
Isle of Man;IMN;2010;79.0
Isle of Man;IMN;2011;79.2
Isle of Man;IMN;2012;79.3
Isle of Man;IMN;2013;79.5
Isle of Man;IMN;2014;80.0
Isle of Man;IMN;2015;78.9
Jersey;JEY;2000;78.7
Jersey;JEY;2001;78.8
Jersey;JEY;2002;78.2
Jersey;JEY;2003;79.4
Jersey;JEY;2004;79.8
Jersey;JEY;2005;79.9
Jersey;JEY;2006;80.0
Jersey;JEY;2007;80.8
Jersey;JEY;2008;80.4
Jersey;JEY;2009;80.4
Jersey;JEY;2010;80.3
Jersey;JEY;2011;81.0
Jersey;JEY;2012;80.7
Jersey;JEY;2013;81.0
Jersey;JEY;2014;81.3
Jersey;JEY;2015;80.9
Latvia;LVA;2000;70.3
Latvia;LVA;2001;70.1
Latvia;LVA;2002;70.4
Latvia;LVA;2003;70.6
Latvia;LVA;2004;70.9
Latvia;LVA;2005;70.8
Latvia;LVA;2006;70.9
Latvia;LVA;2007;71.1
Latvia;LVA;2008;72.0
Latvia;LVA;2009;72.8
Latvia;LVA;2010;73.0
Latvia;LVA;2011;73.7
Latvia;LVA;2012;73.7
Latvia;LVA;2013;74.2
Latvia;LVA;2014;74.4
Latvia;LVA;2015;74.7
Lithuania;LTU;2000;72.1
Lithuania;LTU;2001;71.8
Lithuania;LTU;2002;71.8
Lithuania;LTU;2003;72.1
Lithuania;LTU;2004;72.2
Lithuania;LTU;2005;71.7
Lithuania;LTU;2006;71.6
Lithuania;LTU;2007;71.5
Lithuania;LTU;2008;72.4
Lithuania;LTU;2009;73.2
Lithuania;LTU;2010;73.4
Lithuania;LTU;2011;73.9
Lithuania;LTU;2012;74.2
Lithuania;LTU;2013;74.3
Lithuania;LTU;2014;74.8
Lithuania;LTU;2015;74.6
Norway;NOR;2000;78.7
Norway;NOR;2001;78.9
Norway;NOR;2002;79.0
Norway;NOR;2003;79.5
Norway;NOR;2004;80.0
Norway;NOR;2005;80.2
Norway;NOR;2006;80.4
Norway;NOR;2007;80.5
Norway;NOR;2008;80.7
Norway;NOR;2009;80.9
Norway;NOR;2010;81.0
Norway;NOR;2011;81.2
Norway;NOR;2012;81.4
Norway;NOR;2013;81.7
Norway;NOR;2014;82.1
Norway;NOR;2015;82.3
Sweden;SWE;2000;79.7
Sweden;SWE;2001;79.8
Sweden;SWE;2002;79.9
Sweden;SWE;2003;80.2
Sweden;SWE;2004;80.5
Sweden;SWE;2005;80.6
Sweden;SWE;2006;80.8
Sweden;SWE;2007;81.0
Sweden;SWE;2008;81.1
Sweden;SWE;2009;81.4
Sweden;SWE;2010;81.5
Sweden;SWE;2011;81.8
Sweden;SWE;2012;81.7
Sweden;SWE;2013;81.9
Sweden;SWE;2014;82.2
Sweden;SWE;2015;82.2
United Kingdom;GBR;2000;77.9
United Kingdom;GBR;2001;78.1
United Kingdom;GBR;2002;78.2
United Kingdom;GBR;2003;78.3
United Kingdom;GBR;2004;78.9
United Kingdom;GBR;2005;79.1
United Kingdom;GBR;2006;79.4
United Kingdom;GBR;2007;79.5
United Kingdom;GBR;2008;79.7
United Kingdom;GBR;2009;80.2
United Kingdom;GBR;2010;80.4
United Kingdom;GBR;2011;80.8
United Kingdom;GBR;2012;80.9
United Kingdom;GBR;2013;80.9
United Kingdom;GBR;2014;81.2
United Kingdom;GBR;2015;80.9
Albania;ALB;2000;75.4
Albania;ALB;2001;75.6
Albania;ALB;2002;75.9
Albania;ALB;2003;76.1
Albania;ALB;2004;76.4
Albania;ALB;2005;76.6
Albania;ALB;2006;76.8
Albania;ALB;2007;77.5
Albania;ALB;2008;77.7
Albania;ALB;2009;77.8
Albania;ALB;2010;77.9
Albania;ALB;2011;78.1
Albania;ALB;2012;78.1
Albania;ALB;2013;78.1
Albania;ALB;2014;78.4
Albania;ALB;2015;78.6
Andorra;AND;2000;80.9
Andorra;AND;2001;81.7
Andorra;AND;2002;82.2
Andorra;AND;2003;83.9
Andorra;AND;2004;80.1
Andorra;AND;2005;81.8
Andorra;AND;2006;83.0
Andorra;AND;2007;82.7
Andorra;AND;2008;82.7
Andorra;AND;2009;82.8
Andorra;AND;2010;82.8
Andorra;AND;2011;82.9
Andorra;AND;2012;82.9
Andorra;AND;2013;82.9
Andorra;AND;2014;82.9
Andorra;AND;2015;83.0
Bosnia and Herzegovina;BIH;2000;74.5
Bosnia and Herzegovina;BIH;2001;75.1
Bosnia and Herzegovina;BIH;2002;74.6
Bosnia and Herzegovina;BIH;2003;75.8
Bosnia and Herzegovina;BIH;2004;76.1
Bosnia and Herzegovina;BIH;2005;75.4
Bosnia and Herzegovina;BIH;2006;76.2
Bosnia and Herzegovina;BIH;2007;76.2
Bosnia and Herzegovina;BIH;2008;76.8
Bosnia and Herzegovina;BIH;2009;77.0
Bosnia and Herzegovina;BIH;2010;77.1
Bosnia and Herzegovina;BIH;2011;77.0
Bosnia and Herzegovina;BIH;2012;77.2
Bosnia and Herzegovina;BIH;2013;76.3
Bosnia and Herzegovina;BIH;2014;75.7
Bosnia and Herzegovina;BIH;2015;76.2
Croatia;HRV;2000;74.6
Croatia;HRV;2001;74.6
Croatia;HRV;2002;74.7
Croatia;HRV;2003;74.6
Croatia;HRV;2004;75.5
Croatia;HRV;2005;75.4
Croatia;HRV;2006;76.0
Croatia;HRV;2007;75.9
Croatia;HRV;2008;76.2
Croatia;HRV;2009;76.4
Croatia;HRV;2010;76.8
Croatia;HRV;2011;77.2
Croatia;HRV;2012;77.3
Croatia;HRV;2013;77.8
Croatia;HRV;2014;78.0
Croatia;HRV;2015;77.6
Gibraltar;GIB;2000;81.4
Gibraltar;GIB;2001;81.1
Gibraltar;GIB;2002;80.3
Gibraltar;GIB;2003;79.7
Gibraltar;GIB;2004;80.9
Gibraltar;GIB;2005;81.4
Gibraltar;GIB;2006;80.4
Gibraltar;GIB;2007;78.5
Gibraltar;GIB;2008;80.1
Gibraltar;GIB;2009;81.2
Gibraltar;GIB;2010;81.0
Gibraltar;GIB;2011;81.9
Gibraltar;GIB;2012;83.4
Gibraltar;GIB;2013;80.6
Gibraltar;GIB;2014;81.9
Gibraltar;GIB;2015;80.4
Greece;GRC;2000;78.4
Greece;GRC;2001;78.8
Greece;GRC;2002;79.0
Greece;GRC;2003;79.0
Greece;GRC;2004;79.3
Greece;GRC;2005;79.6
Greece;GRC;2006;79.7
Greece;GRC;2007;79.6
Greece;GRC;2008;80.0
Greece;GRC;2009;80.3
Greece;GRC;2010;80.5
Greece;GRC;2011;80.5
Greece;GRC;2012;80.3
Greece;GRC;2013;81.0
Greece;GRC;2014;81.0
Greece;GRC;2015;80.7
Holy See;VAT;2000;...
Holy See;VAT;2001;...
Holy See;VAT;2002;...
Holy See;VAT;2003;...
Holy See;VAT;2004;...
Holy See;VAT;2005;...
Holy See;VAT;2006;...
Holy See;VAT;2007;...
Holy See;VAT;2008;...
Holy See;VAT;2009;...
Holy See;VAT;2010;...
Holy See;VAT;2011;...
Holy See;VAT;2012;...
Holy See;VAT;2013;...
Holy See;VAT;2014;...
Holy See;VAT;2015;...
Italy;ITA;2000;79.6
Italy;ITA;2001;79.9
Italy;ITA;2002;80.1
Italy;ITA;2003;80.2
Italy;ITA;2004;81.0
Italy;ITA;2005;81.0
Italy;ITA;2006;81.4
Italy;ITA;2007;81.5
Italy;ITA;2008;81.6
Italy;ITA;2009;81.8
Italy;ITA;2010;82.1
Italy;ITA;2011;82.2
Italy;ITA;2012;82.3
Italy;ITA;2013;82.7
Italy;ITA;2014;82.9
Italy;ITA;2015;82.5
Kosovo (under UNSC res. 1244);XKX;2000;74.1
Kosovo (under UNSC res. 1244);XKX;2001;74.4
Kosovo (under UNSC res. 1244);XKX;2002;74.7
Kosovo (under UNSC res. 1244);XKX;2003;75.0
Kosovo (under UNSC res. 1244);XKX;2004;75.3
Kosovo (under UNSC res. 1244);XKX;2005;75.6
Kosovo (under UNSC res. 1244);XKX;2006;75.6
Kosovo (under UNSC res. 1244);XKX;2007;76.5
Kosovo (under UNSC res. 1244);XKX;2008;77.4
Kosovo (under UNSC res. 1244);XKX;2009;77.7
Kosovo (under UNSC res. 1244);XKX;2010;77.6
Kosovo (under UNSC res. 1244);XKX;2011;77.7
Kosovo (under UNSC res. 1244);XKX;2012;78.3
Kosovo (under UNSC res. 1244);XKX;2013;78.6
Kosovo (under UNSC res. 1244);XKX;2014;78.9
Kosovo (under UNSC res. 1244);XKX;2015;78.9
Malta;MLT;2000;77.6
Malta;MLT;2001;79.0
Malta;MLT;2002;78.5
Malta;MLT;2003;78.8
Malta;MLT;2004;79.2
Malta;MLT;2005;79.6
Malta;MLT;2006;79.8
Malta;MLT;2007;80.1
Malta;MLT;2008;80.1
Malta;MLT;2009;80.7
Malta;MLT;2010;81.8
Malta;MLT;2011;81.1
Malta;MLT;2012;81.4
Malta;MLT;2013;82.0
Malta;MLT;2014;82.7
Malta;MLT;2015;83.0
Montenegro;MNE;2000;74.0
Montenegro;MNE;2001;74.2
Montenegro;MNE;2002;74.0
Montenegro;MNE;2003;74.1
Montenegro;MNE;2004;74.7
Montenegro;MNE;2005;74.3
Montenegro;MNE;2006;74.0
Montenegro;MNE;2007;74.5
Montenegro;MNE;2008;75.3
Montenegro;MNE;2009;75.3
Montenegro;MNE;2010;76.1
Montenegro;MNE;2011;76.1
Montenegro;MNE;2012;76.3
Montenegro;MNE;2013;76.6
Montenegro;MNE;2014;76.7
Montenegro;MNE;2015;76.8
North Macedonia;MKD;2000;72.9
North Macedonia;MKD;2001;73.2
North Macedonia;MKD;2002;73.1
North Macedonia;MKD;2003;73.4
North Macedonia;MKD;2004;73.8
North Macedonia;MKD;2005;73.7
North Macedonia;MKD;2006;74.0
North Macedonia;MKD;2007;73.9
North Macedonia;MKD;2008;74.5
North Macedonia;MKD;2009;74.7
North Macedonia;MKD;2010;75.1
North Macedonia;MKD;2011;75.2
North Macedonia;MKD;2012;75.1
North Macedonia;MKD;2013;75.9
North Macedonia;MKD;2014;75.9
North Macedonia;MKD;2015;76.0
Portugal;PRT;2000;76.8
Portugal;PRT;2001;77.2
Portugal;PRT;2002;77.4
Portugal;PRT;2003;77.6
Portugal;PRT;2004;78.4
Portugal;PRT;2005;78.3
Portugal;PRT;2006;79.1
Portugal;PRT;2007;79.3
Portugal;PRT;2008;79.6
Portugal;PRT;2009;79.8
Portugal;PRT;2010;80.0
Portugal;PRT;2011;80.5
Portugal;PRT;2012;80.5
Portugal;PRT;2013;80.8
Portugal;PRT;2014;81.2
Portugal;PRT;2015;81.2
San Marino;SMR;2000;79.9
San Marino;SMR;2001;80.4
San Marino;SMR;2002;80.8
San Marino;SMR;2003;80.7
San Marino;SMR;2004;80.7
San Marino;SMR;2005;81.2
San Marino;SMR;2006;81.6
San Marino;SMR;2007;81.9
San Marino;SMR;2008;82.2
San Marino;SMR;2009;82.5
San Marino;SMR;2010;82.7
San Marino;SMR;2011;82.8
San Marino;SMR;2012;82.6
San Marino;SMR;2013;82.4
San Marino;SMR;2014;82.9
San Marino;SMR;2015;82.9
Serbia;SRB;2000;71.4
Serbia;SRB;2001;72.3
Serbia;SRB;2002;72.3
Serbia;SRB;2003;72.4
Serbia;SRB;2004;72.6
Serbia;SRB;2005;72.7
Serbia;SRB;2006;73.4
Serbia;SRB;2007;73.6
Serbia;SRB;2008;73.9
Serbia;SRB;2009;74.0
Serbia;SRB;2010;74.4
Serbia;SRB;2011;74.8
Serbia;SRB;2012;75.1
Serbia;SRB;2013;75.6
Serbia;SRB;2014;75.7
Serbia;SRB;2015;75.8
Slovenia;SVN;2000;76.2
Slovenia;SVN;2001;76.5
Slovenia;SVN;2002;76.8
Slovenia;SVN;2003;76.7
Slovenia;SVN;2004;77.5
Slovenia;SVN;2005;77.7
Slovenia;SVN;2006;78.4
Slovenia;SVN;2007;78.6
Slovenia;SVN;2008;79.1
Slovenia;SVN;2009;79.3
Slovenia;SVN;2010;79.7
Slovenia;SVN;2011;80.0
Slovenia;SVN;2012;80.1
Slovenia;SVN;2013;80.3
Slovenia;SVN;2014;80.9
Slovenia;SVN;2015;80.8
Spain;ESP;2000;79.4
Spain;ESP;2001;79.7
Spain;ESP;2002;79.8
Spain;ESP;2003;79.8
Spain;ESP;2004;80.3
Spain;ESP;2005;80.3
Spain;ESP;2006;81.0
Spain;ESP;2007;81.0
Spain;ESP;2008;81.3
Spain;ESP;2009;81.6
Spain;ESP;2010;82.0
Spain;ESP;2011;82.2
Spain;ESP;2012;82.2
Spain;ESP;2013;82.7
Spain;ESP;2014;82.9
Spain;ESP;2015;82.6
Austria;AUT;2000;78.2
Austria;AUT;2001;78.7
Austria;AUT;2002;78.8
Austria;AUT;2003;78.9
Austria;AUT;2004;79.4
Austria;AUT;2005;79.5
Austria;AUT;2006;80.0
Austria;AUT;2007;80.2
Austria;AUT;2008;80.4
Austria;AUT;2009;80.2
Austria;AUT;2010;80.5
Austria;AUT;2011;80.8
Austria;AUT;2012;80.8
Austria;AUT;2013;81.1
Austria;AUT;2014;81.4
Austria;AUT;2015;81.2
Belgium;BEL;2000;77.8
Belgium;BEL;2001;78.1
Belgium;BEL;2002;78.2
Belgium;BEL;2003;78.3
Belgium;BEL;2004;79.0
Belgium;BEL;2005;79.1
Belgium;BEL;2006;79.4
Belgium;BEL;2007;79.5
Belgium;BEL;2008;79.6
Belgium;BEL;2009;79.8
Belgium;BEL;2010;80.0
Belgium;BEL;2011;80.4
Belgium;BEL;2012;80.3
Belgium;BEL;2013;80.5
Belgium;BEL;2014;81.1
Belgium;BEL;2015;80.9
France;FRA;2000;79.0
France;FRA;2001;79.2
France;FRA;2002;79.4
France;FRA;2003;79.4
France;FRA;2004;80.3
France;FRA;2005;80.3
France;FRA;2006;80.7
France;FRA;2007;81.0
France;FRA;2008;81.0
France;FRA;2009;81.2
France;FRA;2010;81.4
France;FRA;2011;81.8
France;FRA;2012;81.8
France;FRA;2013;82.0
France;FRA;2014;82.5
France;FRA;2015;82.2
Germany;DEU;2000;78.1
Germany;DEU;2001;78.4
Germany;DEU;2002;78.5
Germany;DEU;2003;78.5
Germany;DEU;2004;79.1
Germany;DEU;2005;79.3
Germany;DEU;2006;79.6
Germany;DEU;2007;79.7
Germany;DEU;2008;79.8
Germany;DEU;2009;79.9
Germany;DEU;2010;80.1
Germany;DEU;2011;80.4
Germany;DEU;2012;80.5
Germany;DEU;2013;80.5
Germany;DEU;2014;80.9
Germany;DEU;2015;80.6
Liechtenstein;LIE;2000;77.0
Liechtenstein;LIE;2001;79.5
Liechtenstein;LIE;2002;79.9
Liechtenstein;LIE;2003;80.2
Liechtenstein;LIE;2004;82.0
Liechtenstein;LIE;2005;80.8
Liechtenstein;LIE;2006;81.2
Liechtenstein;LIE;2007;81.5
Liechtenstein;LIE;2008;82.9
Liechtenstein;LIE;2009;81.7
Liechtenstein;LIE;2010;82.0
Liechtenstein;LIE;2011;81.9
Liechtenstein;LIE;2012;82.5
Liechtenstein;LIE;2013;82.4
Liechtenstein;LIE;2014;82.2
Liechtenstein;LIE;2015;82.8
Luxembourg;LUX;2000;77.8
Luxembourg;LUX;2001;78.2
Luxembourg;LUX;2002;78.4
Luxembourg;LUX;2003;77.8
Luxembourg;LUX;2004;79.2
Luxembourg;LUX;2005;79.4
Luxembourg;LUX;2006;79.4
Luxembourg;LUX;2007;79.5
Luxembourg;LUX;2008;80.5
Luxembourg;LUX;2009;80.6
Luxembourg;LUX;2010;80.6
Luxembourg;LUX;2011;80.8
Luxembourg;LUX;2012;81.0
Luxembourg;LUX;2013;81.4
Luxembourg;LUX;2014;81.7
Luxembourg;LUX;2015;81.8
Monaco;MCO;2000;81.6
Monaco;MCO;2001;82.1
Monaco;MCO;2002;82.5
Monaco;MCO;2003;83.3
Monaco;MCO;2004;84.2
Monaco;MCO;2005;84.8
Monaco;MCO;2006;84.6
Monaco;MCO;2007;83.9
Monaco;MCO;2008;83.2
Monaco;MCO;2009;84.2
Monaco;MCO;2010;84.6
Monaco;MCO;2011;85.6
Monaco;MCO;2012;84.5
Monaco;MCO;2013;84.9
Monaco;MCO;2014;84.9
Monaco;MCO;2015;85.3
Netherlands;NLD;2000;78.1
Netherlands;NLD;2001;78.3
Netherlands;NLD;2002;78.4
Netherlands;NLD;2003;78.7
Netherlands;NLD;2004;79.2
Netherlands;NLD;2005;79.5
Netherlands;NLD;2006;79.8
Netherlands;NLD;2007;80.2
Netherlands;NLD;2008;80.4
Netherlands;NLD;2009;80.7
Netherlands;NLD;2010;80.8
Netherlands;NLD;2011;81.1
Netherlands;NLD;2012;81.0
Netherlands;NLD;2013;81.3
Netherlands;NLD;2014;81.6
Netherlands;NLD;2015;81.5
Switzerland;CHE;2000;79.8
Switzerland;CHE;2001;80.3
Switzerland;CHE;2002;80.4
Switzerland;CHE;2003;80.5
Switzerland;CHE;2004;81.1
Switzerland;CHE;2005;81.2
Switzerland;CHE;2006;81.5
Switzerland;CHE;2007;81.7
Switzerland;CHE;2008;82.0
Switzerland;CHE;2009;82.0
Switzerland;CHE;2010;82.3
Switzerland;CHE;2011;82.6
Switzerland;CHE;2012;82.6
Switzerland;CHE;2013;82.7
Switzerland;CHE;2014;83.1
Switzerland;CHE;2015;82.8
Anguilla;AIA;2000;76.0
Anguilla;AIA;2001;76.3
Anguilla;AIA;2002;76.5
Anguilla;AIA;2003;76.5
Anguilla;AIA;2004;76.5
Anguilla;AIA;2005;76.5
Anguilla;AIA;2006;76.7
Anguilla;AIA;2007;76.9
Anguilla;AIA;2008;77.1
Anguilla;AIA;2009;77.4
Anguilla;AIA;2010;77.7
Anguilla;AIA;2011;77.9
Anguilla;AIA;2012;77.8
Anguilla;AIA;2013;77.6
Anguilla;AIA;2014;77.4
Anguilla;AIA;2015;77.1
Antigua and Barbuda;ATG;2000;74.6
Antigua and Barbuda;ATG;2001;75.1
Antigua and Barbuda;ATG;2002;75.5
Antigua and Barbuda;ATG;2003;75.5
Antigua and Barbuda;ATG;2004;75.7
Antigua and Barbuda;ATG;2005;75.8
Antigua and Barbuda;ATG;2006;75.8
Antigua and Barbuda;ATG;2007;76.1
Antigua and Barbuda;ATG;2008;76.4
Antigua and Barbuda;ATG;2009;76.7
Antigua and Barbuda;ATG;2010;76.8
Antigua and Barbuda;ATG;2011;77.1
Antigua and Barbuda;ATG;2012;77.4
Antigua and Barbuda;ATG;2013;77.6
Antigua and Barbuda;ATG;2014;77.9
Antigua and Barbuda;ATG;2015;77.9
Aruba;ABW;2000;73.6
Aruba;ABW;2001;73.6
Aruba;ABW;2002;73.7
Aruba;ABW;2003;73.8
Aruba;ABW;2004;73.6
Aruba;ABW;2005;73.8
Aruba;ABW;2006;74.0
Aruba;ABW;2007;74.2
Aruba;ABW;2008;74.1
Aruba;ABW;2009;74.6
Aruba;ABW;2010;75.4
Aruba;ABW;2011;75.5
Aruba;ABW;2012;75.5
Aruba;ABW;2013;75.6
Aruba;ABW;2014;75.6
Aruba;ABW;2015;75.7
Bahamas;BHS;2000;72.0
Bahamas;BHS;2001;72.1
Bahamas;BHS;2002;72.2
Bahamas;BHS;2003;72.4
Bahamas;BHS;2004;72.5
Bahamas;BHS;2005;72.8
Bahamas;BHS;2006;72.9
Bahamas;BHS;2007;72.7
Bahamas;BHS;2008;72.7
Bahamas;BHS;2009;72.6
Bahamas;BHS;2010;72.7
Bahamas;BHS;2011;72.6
Bahamas;BHS;2012;72.8
Bahamas;BHS;2013;73.0
Bahamas;BHS;2014;73.4
Bahamas;BHS;2015;73.1
Barbados;BRB;2000;74.1
Barbados;BRB;2001;74.2
Barbados;BRB;2002;74.4
Barbados;BRB;2003;74.5
Barbados;BRB;2004;74.7
Barbados;BRB;2005;74.9
Barbados;BRB;2006;75.1
Barbados;BRB;2007;75.3
Barbados;BRB;2008;75.4
Barbados;BRB;2009;75.7
Barbados;BRB;2010;75.7
Barbados;BRB;2011;75.9
Barbados;BRB;2012;76.1
Barbados;BRB;2013;76.3
Barbados;BRB;2014;76.5
Barbados;BRB;2015;76.7
Bonaire, Sint Eustatius and Saba;BES;2000;75.1
Bonaire, Sint Eustatius and Saba;BES;2001;74.8
Bonaire, Sint Eustatius and Saba;BES;2002;75.0
Bonaire, Sint Eustatius and Saba;BES;2003;75.1
Bonaire, Sint Eustatius and Saba;BES;2004;75.1
Bonaire, Sint Eustatius and Saba;BES;2005;75.2
Bonaire, Sint Eustatius and Saba;BES;2006;74.6
Bonaire, Sint Eustatius and Saba;BES;2007;75.5
Bonaire, Sint Eustatius and Saba;BES;2008;75.5
Bonaire, Sint Eustatius and Saba;BES;2009;75.6
Bonaire, Sint Eustatius and Saba;BES;2010;75.3
Bonaire, Sint Eustatius and Saba;BES;2011;76.5
Bonaire, Sint Eustatius and Saba;BES;2012;75.2
Bonaire, Sint Eustatius and Saba;BES;2013;75.5
Bonaire, Sint Eustatius and Saba;BES;2014;76.6
Bonaire, Sint Eustatius and Saba;BES;2015;77.5
British Virgin Islands;VGB;2000;74.0
British Virgin Islands;VGB;2001;73.8
British Virgin Islands;VGB;2002;73.9
British Virgin Islands;VGB;2003;74.0
British Virgin Islands;VGB;2004;74.3
British Virgin Islands;VGB;2005;74.7
British Virgin Islands;VGB;2006;74.9
British Virgin Islands;VGB;2007;75.0
British Virgin Islands;VGB;2008;75.0
British Virgin Islands;VGB;2009;75.3
British Virgin Islands;VGB;2010;75.4
British Virgin Islands;VGB;2011;75.5
British Virgin Islands;VGB;2012;75.5
British Virgin Islands;VGB;2013;75.6
British Virgin Islands;VGB;2014;75.6
British Virgin Islands;VGB;2015;75.7
Cayman Islands;CYM;2000;72.9
Cayman Islands;CYM;2001;73.0
Cayman Islands;CYM;2002;73.4
Cayman Islands;CYM;2003;73.7
Cayman Islands;CYM;2004;74.0
Cayman Islands;CYM;2005;74.5
Cayman Islands;CYM;2006;74.8
Cayman Islands;CYM;2007;75.1
Cayman Islands;CYM;2008;75.3
Cayman Islands;CYM;2009;75.2
Cayman Islands;CYM;2010;75.8
Cayman Islands;CYM;2011;75.1
Cayman Islands;CYM;2012;75.0
Cayman Islands;CYM;2013;74.9
Cayman Islands;CYM;2014;74.8
Cayman Islands;CYM;2015;74.8
Cuba;CUB;2000;76.2
Cuba;CUB;2001;76.4
Cuba;CUB;2002;76.6
Cuba;CUB;2003;76.8
Cuba;CUB;2004;76.9
Cuba;CUB;2005;77.0
Cuba;CUB;2006;77.2
Cuba;CUB;2007;77.3
Cuba;CUB;2008;77.4
Cuba;CUB;2009;77.5
Cuba;CUB;2010;77.7
Cuba;CUB;2011;77.8
Cuba;CUB;2012;77.8
Cuba;CUB;2013;77.9
Cuba;CUB;2014;77.9
Cuba;CUB;2015;77.8
Curaçao;CUW;2000;73.2
Curaçao;CUW;2001;73.3
Curaçao;CUW;2002;73.4
Curaçao;CUW;2003;73.5
Curaçao;CUW;2004;73.6
Curaçao;CUW;2005;73.8
Curaçao;CUW;2006;73.9
Curaçao;CUW;2007;74.0
Curaçao;CUW;2008;74.1
Curaçao;CUW;2009;74.3
Curaçao;CUW;2010;74.8
Curaçao;CUW;2011;75.2
Curaçao;CUW;2012;75.5
Curaçao;CUW;2013;75.9
Curaçao;CUW;2014;75.8
Curaçao;CUW;2015;76.1
Dominica;DMA;2000;72.7
Dominica;DMA;2001;71.7
Dominica;DMA;2002;72.3
Dominica;DMA;2003;71.4
Dominica;DMA;2004;72.4
Dominica;DMA;2005;72.3
Dominica;DMA;2006;72.8
Dominica;DMA;2007;71.9
Dominica;DMA;2008;73.3
Dominica;DMA;2009;72.2
Dominica;DMA;2010;71.6
Dominica;DMA;2011;69.7
Dominica;DMA;2012;70.5
Dominica;DMA;2013;68.9
Dominica;DMA;2014;69.4
Dominica;DMA;2015;68.7
Dominican Republic;DOM;2000;69.4
Dominican Republic;DOM;2001;69.6
Dominican Republic;DOM;2002;69.9
Dominican Republic;DOM;2003;70.3
Dominican Republic;DOM;2004;70.3
Dominican Republic;DOM;2005;70.9
Dominican Republic;DOM;2006;71.2
Dominican Republic;DOM;2007;71.4
Dominican Republic;DOM;2008;71.7
Dominican Republic;DOM;2009;71.9
Dominican Republic;DOM;2010;72.1
Dominican Republic;DOM;2011;72.2
Dominican Republic;DOM;2012;72.5
Dominican Republic;DOM;2013;72.7
Dominican Republic;DOM;2014;72.9
Dominican Republic;DOM;2015;73.0
Grenada;GRD;2000;72.8
Grenada;GRD;2001;73.1
Grenada;GRD;2002;73.2
Grenada;GRD;2003;73.2
Grenada;GRD;2004;71.8
Grenada;GRD;2005;73.5
Grenada;GRD;2006;73.7
Grenada;GRD;2007;74.3
Grenada;GRD;2008;74.7
Grenada;GRD;2009;75.0
Grenada;GRD;2010;75.0
Grenada;GRD;2011;75.3
Grenada;GRD;2012;75.0
Grenada;GRD;2013;75.1
Grenada;GRD;2014;75.0
Grenada;GRD;2015;75.0
Guadeloupe;GLP;2000;77.4
Guadeloupe;GLP;2001;77.7
Guadeloupe;GLP;2002;78.1
Guadeloupe;GLP;2003;78.4
Guadeloupe;GLP;2004;78.7
Guadeloupe;GLP;2005;78.7
Guadeloupe;GLP;2006;79.0
Guadeloupe;GLP;2007;79.5
Guadeloupe;GLP;2008;79.9
Guadeloupe;GLP;2009;80.0
Guadeloupe;GLP;2010;80.5
Guadeloupe;GLP;2011;81.0
Guadeloupe;GLP;2012;81.6
Guadeloupe;GLP;2013;81.4
Guadeloupe;GLP;2014;81.8
Guadeloupe;GLP;2015;81.9
Haiti;HTI;2000;58.4
Haiti;HTI;2001;58.5
Haiti;HTI;2002;58.9
Haiti;HTI;2003;59.5
Haiti;HTI;2004;58.5
Haiti;HTI;2005;60.4
Haiti;HTI;2006;60.8
Haiti;HTI;2007;61.1
Haiti;HTI;2008;61.3
Haiti;HTI;2009;61.7
Haiti;HTI;2010;46.0
Haiti;HTI;2011;61.6
Haiti;HTI;2012;62.3
Haiti;HTI;2013;62.6
Haiti;HTI;2014;63.0
Haiti;HTI;2015;63.2
Jamaica;JAM;2000;70.9
Jamaica;JAM;2001;70.8
Jamaica;JAM;2002;70.9
Jamaica;JAM;2003;70.8
Jamaica;JAM;2004;70.9
Jamaica;JAM;2005;71.0
Jamaica;JAM;2006;71.2
Jamaica;JAM;2007;71.4
Jamaica;JAM;2008;71.6
Jamaica;JAM;2009;72.1
Jamaica;JAM;2010;72.6
Jamaica;JAM;2011;73.1
Jamaica;JAM;2012;73.4
Jamaica;JAM;2013;73.4
Jamaica;JAM;2014;73.0
Jamaica;JAM;2015;72.4
Martinique;MTQ;2000;77.7
Martinique;MTQ;2001;77.8
Martinique;MTQ;2002;78.4
Martinique;MTQ;2003;78.9
Martinique;MTQ;2004;79.5
Martinique;MTQ;2005;80.0
Martinique;MTQ;2006;80.3
Martinique;MTQ;2007;80.6
Martinique;MTQ;2008;80.7
Martinique;MTQ;2009;81.0
Martinique;MTQ;2010;81.6
Martinique;MTQ;2011;82.1
Martinique;MTQ;2012;82.2
Martinique;MTQ;2013;82.4
Martinique;MTQ;2014;82.3
Martinique;MTQ;2015;82.2
Montserrat;MSR;2000;74.6
Montserrat;MSR;2001;74.3
Montserrat;MSR;2002;74.8
Montserrat;MSR;2003;76.4
Montserrat;MSR;2004;76.6
Montserrat;MSR;2005;73.9
Montserrat;MSR;2006;74.2
Montserrat;MSR;2007;74.3
Montserrat;MSR;2008;76.1
Montserrat;MSR;2009;74.3
Montserrat;MSR;2010;74.3
Montserrat;MSR;2011;74.4
Montserrat;MSR;2012;74.6
Montserrat;MSR;2013;74.7
Montserrat;MSR;2014;74.9
Montserrat;MSR;2015;75.0
Puerto Rico;PRI;2000;76.0
Puerto Rico;PRI;2001;76.5
Puerto Rico;PRI;2002;76.7
Puerto Rico;PRI;2003;76.9
Puerto Rico;PRI;2004;77.1
Puerto Rico;PRI;2005;77.2
Puerto Rico;PRI;2006;77.4
Puerto Rico;PRI;2007;77.6
Puerto Rico;PRI;2008;77.8
Puerto Rico;PRI;2009;77.9
Puerto Rico;PRI;2010;78.0
Puerto Rico;PRI;2011;78.3
Puerto Rico;PRI;2012;78.5
Puerto Rico;PRI;2013;78.8
Puerto Rico;PRI;2014;78.9
Puerto Rico;PRI;2015;79.7
Saint Barthélemy;BLM;2000;76.9
Saint Barthélemy;BLM;2001;77.0
Saint Barthélemy;BLM;2002;77.2
Saint Barthélemy;BLM;2003;77.4
Saint Barthélemy;BLM;2004;77.6
Saint Barthélemy;BLM;2005;77.7
Saint Barthélemy;BLM;2006;77.9
Saint Barthélemy;BLM;2007;78.0
Saint Barthélemy;BLM;2008;78.2
Saint Barthélemy;BLM;2009;78.4
Saint Barthélemy;BLM;2010;78.5
Saint Barthélemy;BLM;2011;78.7
Saint Barthélemy;BLM;2012;80.0
Saint Barthélemy;BLM;2013;79.1
Saint Barthélemy;BLM;2014;79.3
Saint Barthélemy;BLM;2015;79.5
Saint Kitts and Nevis;KNA;2000;69.8
Saint Kitts and Nevis;KNA;2001;70.2
Saint Kitts and Nevis;KNA;2002;70.5
Saint Kitts and Nevis;KNA;2003;70.8
Saint Kitts and Nevis;KNA;2004;71.3
Saint Kitts and Nevis;KNA;2005;71.4
Saint Kitts and Nevis;KNA;2006;71.3
Saint Kitts and Nevis;KNA;2007;71.4
Saint Kitts and Nevis;KNA;2008;71.4
Saint Kitts and Nevis;KNA;2009;71.4
Saint Kitts and Nevis;KNA;2010;71.3
Saint Kitts and Nevis;KNA;2011;71.5
Saint Kitts and Nevis;KNA;2012;71.7
Saint Kitts and Nevis;KNA;2013;71.5
Saint Kitts and Nevis;KNA;2014;71.0
Saint Kitts and Nevis;KNA;2015;70.8
Saint Lucia;LCA;2000;70.8
Saint Lucia;LCA;2001;71.1
Saint Lucia;LCA;2002;71.5
Saint Lucia;LCA;2003;71.8
Saint Lucia;LCA;2004;72.0
Saint Lucia;LCA;2005;72.2
Saint Lucia;LCA;2006;72.5
Saint Lucia;LCA;2007;72.6
Saint Lucia;LCA;2008;72.7
Saint Lucia;LCA;2009;72.7
Saint Lucia;LCA;2010;72.7
Saint Lucia;LCA;2011;72.9
Saint Lucia;LCA;2012;72.9
Saint Lucia;LCA;2013;72.7
Saint Lucia;LCA;2014;72.9
Saint Lucia;LCA;2015;73.1
Saint Martin (French part);MAF;2000;76.7
Saint Martin (French part);MAF;2001;76.8
Saint Martin (French part);MAF;2002;77.0
Saint Martin (French part);MAF;2003;77.2
Saint Martin (French part);MAF;2004;77.4
Saint Martin (French part);MAF;2005;77.6
Saint Martin (French part);MAF;2006;77.7
Saint Martin (French part);MAF;2007;77.9
Saint Martin (French part);MAF;2008;78.1
Saint Martin (French part);MAF;2009;78.2
Saint Martin (French part);MAF;2010;78.4
Saint Martin (French part);MAF;2011;78.8
Saint Martin (French part);MAF;2012;79.0
Saint Martin (French part);MAF;2013;78.9
Saint Martin (French part);MAF;2014;80.0
Saint Martin (French part);MAF;2015;79.3
Saint Vincent and the Grenadines;VCT;2000;71.4
Saint Vincent and the Grenadines;VCT;2001;71.9
Saint Vincent and the Grenadines;VCT;2002;72.2
Saint Vincent and the Grenadines;VCT;2003;72.4
Saint Vincent and the Grenadines;VCT;2004;73.0
Saint Vincent and the Grenadines;VCT;2005;73.5
Saint Vincent and the Grenadines;VCT;2006;74.0
Saint Vincent and the Grenadines;VCT;2007;74.7
Saint Vincent and the Grenadines;VCT;2008;75.1
Saint Vincent and the Grenadines;VCT;2009;75.1
Saint Vincent and the Grenadines;VCT;2010;74.7
Saint Vincent and the Grenadines;VCT;2011;74.6
Saint Vincent and the Grenadines;VCT;2012;74.1
Saint Vincent and the Grenadines;VCT;2013;73.8
Saint Vincent and the Grenadines;VCT;2014;74.5
Saint Vincent and the Grenadines;VCT;2015;74.4
Sint Maarten (Dutch part);SXM;2000;74.5
Sint Maarten (Dutch part);SXM;2001;74.5
Sint Maarten (Dutch part);SXM;2002;74.9
Sint Maarten (Dutch part);SXM;2003;74.1
Sint Maarten (Dutch part);SXM;2004;74.2
Sint Maarten (Dutch part);SXM;2005;75.5
Sint Maarten (Dutch part);SXM;2006;75.9
Sint Maarten (Dutch part);SXM;2007;75.4
Sint Maarten (Dutch part);SXM;2008;75.7
Sint Maarten (Dutch part);SXM;2009;75.4
Sint Maarten (Dutch part);SXM;2010;75.1
Sint Maarten (Dutch part);SXM;2011;74.7
Sint Maarten (Dutch part);SXM;2012;74.6
Sint Maarten (Dutch part);SXM;2013;74.9
Sint Maarten (Dutch part);SXM;2014;76.8
Sint Maarten (Dutch part);SXM;2015;77.0
Trinidad and Tobago;TTO;2000;69.1
Trinidad and Tobago;TTO;2001;69.6
Trinidad and Tobago;TTO;2002;70.5
Trinidad and Tobago;TTO;2003;69.7
Trinidad and Tobago;TTO;2004;71.1
Trinidad and Tobago;TTO;2005;71.3
Trinidad and Tobago;TTO;2006;71.3
Trinidad and Tobago;TTO;2007;71.7
Trinidad and Tobago;TTO;2008;71.5
Trinidad and Tobago;TTO;2009;73.1
Trinidad and Tobago;TTO;2010;72.7
Trinidad and Tobago;TTO;2011;73.3
Trinidad and Tobago;TTO;2012;73.7
Trinidad and Tobago;TTO;2013;74.0
Trinidad and Tobago;TTO;2014;74.2
Trinidad and Tobago;TTO;2015;74.5
Turks and Caicos Islands;TCA;2000;73.6
Turks and Caicos Islands;TCA;2001;74.1
Turks and Caicos Islands;TCA;2002;75.5
Turks and Caicos Islands;TCA;2003;75.4
Turks and Caicos Islands;TCA;2004;76.8
Turks and Caicos Islands;TCA;2005;77.1
Turks and Caicos Islands;TCA;2006;76.8
Turks and Caicos Islands;TCA;2007;75.9
Turks and Caicos Islands;TCA;2008;76.6
Turks and Caicos Islands;TCA;2009;77.2
Turks and Caicos Islands;TCA;2010;76.2
Turks and Caicos Islands;TCA;2011;76.2
Turks and Caicos Islands;TCA;2012;77.0
Turks and Caicos Islands;TCA;2013;77.0
Turks and Caicos Islands;TCA;2014;77.1
Turks and Caicos Islands;TCA;2015;76.9
United States Virgin Islands;VIR;2000;72.7
United States Virgin Islands;VIR;2001;72.9
United States Virgin Islands;VIR;2002;73.1
United States Virgin Islands;VIR;2003;73.1
United States Virgin Islands;VIR;2004;73.1
United States Virgin Islands;VIR;2005;73.3
United States Virgin Islands;VIR;2006;72.8
United States Virgin Islands;VIR;2007;72.5
United States Virgin Islands;VIR;2008;73.1
United States Virgin Islands;VIR;2009;73.3
United States Virgin Islands;VIR;2010;73.3
United States Virgin Islands;VIR;2011;73.7
United States Virgin Islands;VIR;2012;73.7
United States Virgin Islands;VIR;2013;73.8
United States Virgin Islands;VIR;2014;73.9
United States Virgin Islands;VIR;2015;74.7
Belize;BLZ;2000;68.6
Belize;BLZ;2001;68.4
Belize;BLZ;2002;68.8
Belize;BLZ;2003;68.9
Belize;BLZ;2004;69.2
Belize;BLZ;2005;69.4
Belize;BLZ;2006;70.1
Belize;BLZ;2007;70.7
Belize;BLZ;2008;71.2
Belize;BLZ;2009;71.8
Belize;BLZ;2010;72.3
Belize;BLZ;2011;72.7
Belize;BLZ;2012;73.2
Belize;BLZ;2013;73.7
Belize;BLZ;2014;73.3
Belize;BLZ;2015;73.2
Costa Rica;CRI;2000;77.6
Costa Rica;CRI;2001;77.5
Costa Rica;CRI;2002;78.0
Costa Rica;CRI;2003;78.1
Costa Rica;CRI;2004;78.3
Costa Rica;CRI;2005;78.5
Costa Rica;CRI;2006;78.5
Costa Rica;CRI;2007;78.5
Costa Rica;CRI;2008;78.4
Costa Rica;CRI;2009;78.7
Costa Rica;CRI;2010;78.7
Costa Rica;CRI;2011;79.3
Costa Rica;CRI;2012;79.3
Costa Rica;CRI;2013;79.4
Costa Rica;CRI;2014;78.8
Costa Rica;CRI;2015;79.1
El Salvador;SLV;2000;69.9
El Salvador;SLV;2001;69.6
El Salvador;SLV;2002;70.2
El Salvador;SLV;2003;70.1
El Salvador;SLV;2004;70.3
El Salvador;SLV;2005;70.4
El Salvador;SLV;2006;70.8
El Salvador;SLV;2007;71.1
El Salvador;SLV;2008;71.4
El Salvador;SLV;2009;71.6
El Salvador;SLV;2010;71.8
El Salvador;SLV;2011;71.9
El Salvador;SLV;2012;71.8
El Salvador;SLV;2013;71.8
El Salvador;SLV;2014;71.7
El Salvador;SLV;2015;71.8
Guatemala;GTM;2000;67.4
Guatemala;GTM;2001;67.9
Guatemala;GTM;2002;68.4
Guatemala;GTM;2003;68.8
Guatemala;GTM;2004;69.2
Guatemala;GTM;2005;69.2
Guatemala;GTM;2006;69.8
Guatemala;GTM;2007;70.1
Guatemala;GTM;2008;70.4
Guatemala;GTM;2009;70.6
Guatemala;GTM;2010;70.9
Guatemala;GTM;2011;71.2
Guatemala;GTM;2012;71.5
Guatemala;GTM;2013;71.7
Guatemala;GTM;2014;72.0
Guatemala;GTM;2015;72.1
Honduras;HND;2000;68.7
Honduras;HND;2001;69.0
Honduras;HND;2002;69.4
Honduras;HND;2003;69.5
Honduras;HND;2004;69.8
Honduras;HND;2005;70.1
Honduras;HND;2006;70.3
Honduras;HND;2007;70.4
Honduras;HND;2008;70.4
Honduras;HND;2009;70.9
Honduras;HND;2010;71.1
Honduras;HND;2011;71.4
Honduras;HND;2012;71.7
Honduras;HND;2013;72.0
Honduras;HND;2014;72.3
Honduras;HND;2015;72.5
Mexico;MEX;2000;73.6
Mexico;MEX;2001;73.9
Mexico;MEX;2002;74.1
Mexico;MEX;2003;74.3
Mexico;MEX;2004;74.4
Mexico;MEX;2005;74.4
Mexico;MEX;2006;74.3
Mexico;MEX;2007;74.2
Mexico;MEX;2008;74.2
Mexico;MEX;2009;74.1
Mexico;MEX;2010;74.2
Mexico;MEX;2011;74.4
Mexico;MEX;2012;74.6
Mexico;MEX;2013;74.7
Mexico;MEX;2014;74.8
Mexico;MEX;2015;74.7
Nicaragua;NIC;2000;67.2
Nicaragua;NIC;2001;67.2
Nicaragua;NIC;2002;67.2
Nicaragua;NIC;2003;67.2
Nicaragua;NIC;2004;67.4
Nicaragua;NIC;2005;67.9
Nicaragua;NIC;2006;68.7
Nicaragua;NIC;2007;69.6
Nicaragua;NIC;2008;70.6
Nicaragua;NIC;2009;71.4
Nicaragua;NIC;2010;72.0
Nicaragua;NIC;2011;72.4
Nicaragua;NIC;2012;72.6
Nicaragua;NIC;2013;72.7
Nicaragua;NIC;2014;72.8
Nicaragua;NIC;2015;73.0
Panama;PAN;2000;74.0
Panama;PAN;2001;74.4
Panama;PAN;2002;74.8
Panama;PAN;2003;75.2
Panama;PAN;2004;75.5
Panama;PAN;2005;75.8
Panama;PAN;2006;76.0
Panama;PAN;2007;76.2
Panama;PAN;2008;76.2
Panama;PAN;2009;76.3
Panama;PAN;2010;76.4
Panama;PAN;2011;76.6
Panama;PAN;2012;76.8
Panama;PAN;2013;77.0
Panama;PAN;2014;77.2
Panama;PAN;2015;77.5
Argentina;ARG;2000;73.9
Argentina;ARG;2001;74.2
Argentina;ARG;2002;74.4
Argentina;ARG;2003;74.1
Argentina;ARG;2004;74.9
Argentina;ARG;2005;75.1
Argentina;ARG;2006;75.4
Argentina;ARG;2007;75.0
Argentina;ARG;2008;75.6
Argentina;ARG;2009;75.9
Argentina;ARG;2010;75.7
Argentina;ARG;2011;76.1
Argentina;ARG;2012;76.5
Argentina;ARG;2013;76.5
Argentina;ARG;2014;76.8
Argentina;ARG;2015;76.8
Bolivia (Plurinational State of);BOL;2000;62.3
Bolivia (Plurinational State of);BOL;2001;62.8
Bolivia (Plurinational State of);BOL;2002;63.3
Bolivia (Plurinational State of);BOL;2003;63.6
Bolivia (Plurinational State of);BOL;2004;64.0
Bolivia (Plurinational State of);BOL;2005;64.4
Bolivia (Plurinational State of);BOL;2006;64.8
Bolivia (Plurinational State of);BOL;2007;65.0
Bolivia (Plurinational State of);BOL;2008;65.4
Bolivia (Plurinational State of);BOL;2009;65.9
Bolivia (Plurinational State of);BOL;2010;66.2
Bolivia (Plurinational State of);BOL;2011;66.5
Bolivia (Plurinational State of);BOL;2012;66.7
Bolivia (Plurinational State of);BOL;2013;67.0
Bolivia (Plurinational State of);BOL;2014;67.2
Bolivia (Plurinational State of);BOL;2015;67.3
Brazil;BRA;2000;69.7
Brazil;BRA;2001;70.2
Brazil;BRA;2002;70.4
Brazil;BRA;2003;70.7
Brazil;BRA;2004;71.1
Brazil;BRA;2005;71.8
Brazil;BRA;2006;72.0
Brazil;BRA;2007;72.4
Brazil;BRA;2008;72.7
Brazil;BRA;2009;72.9
Brazil;BRA;2010;73.2
Brazil;BRA;2011;73.3
Brazil;BRA;2012;73.6
Brazil;BRA;2013;73.9
Brazil;BRA;2014;74.3
Brazil;BRA;2015;74.3
Chile;CHL;2000;76.9
Chile;CHL;2001;76.8
Chile;CHL;2002;77.4
Chile;CHL;2003;77.4
Chile;CHL;2004;77.6
Chile;CHL;2005;78.0
Chile;CHL;2006;78.3
Chile;CHL;2007;77.8
Chile;CHL;2008;78.5
Chile;CHL;2009;78.7
Chile;CHL;2010;78.5
Chile;CHL;2011;79.1
Chile;CHL;2012;79.0
Chile;CHL;2013;79.3
Chile;CHL;2014;79.5
Chile;CHL;2015;79.7
Colombia;COL;2000;71.3
Colombia;COL;2001;71.5
Colombia;COL;2002;71.9
Colombia;COL;2003;72.4
Colombia;COL;2004;72.7
Colombia;COL;2005;73.1
Colombia;COL;2006;73.5
Colombia;COL;2007;73.8
Colombia;COL;2008;74.3
Colombia;COL;2009;74.7
Colombia;COL;2010;75.0
Colombia;COL;2011;75.3
Colombia;COL;2012;75.6
Colombia;COL;2013;75.8
Colombia;COL;2014;76.0
Colombia;COL;2015;76.3
Ecuador;ECU;2000;72.8
Ecuador;ECU;2001;73.2
Ecuador;ECU;2002;73.6
Ecuador;ECU;2003;74.0
Ecuador;ECU;2004;74.3
Ecuador;ECU;2005;74.5
Ecuador;ECU;2006;74.7
Ecuador;ECU;2007;74.8
Ecuador;ECU;2008;75.0
Ecuador;ECU;2009;75.2
Ecuador;ECU;2010;75.4
Ecuador;ECU;2011;75.7
Ecuador;ECU;2012;76.1
Ecuador;ECU;2013;76.4
Ecuador;ECU;2014;76.6
Ecuador;ECU;2015;76.8
Falkland Islands (Malvinas);FLK;2000;71.3
Falkland Islands (Malvinas);FLK;2001;72.6
Falkland Islands (Malvinas);FLK;2002;73.3
Falkland Islands (Malvinas);FLK;2003;74.0
Falkland Islands (Malvinas);FLK;2004;74.7
Falkland Islands (Malvinas);FLK;2005;75.3
Falkland Islands (Malvinas);FLK;2006;75.9
Falkland Islands (Malvinas);FLK;2007;76.5
Falkland Islands (Malvinas);FLK;2008;77.0
Falkland Islands (Malvinas);FLK;2009;77.5
Falkland Islands (Malvinas);FLK;2010;77.7
Falkland Islands (Malvinas);FLK;2011;78.1
Falkland Islands (Malvinas);FLK;2012;78.2
Falkland Islands (Malvinas);FLK;2013;78.3
Falkland Islands (Malvinas);FLK;2014;78.5
Falkland Islands (Malvinas);FLK;2015;78.2
French Guiana;GUF;2000;73.4
French Guiana;GUF;2001;73.5
French Guiana;GUF;2002;73.7
French Guiana;GUF;2003;73.8
French Guiana;GUF;2004;73.9
French Guiana;GUF;2005;74.3
French Guiana;GUF;2006;74.7
French Guiana;GUF;2007;75.3
French Guiana;GUF;2008;75.4
French Guiana;GUF;2009;75.7
French Guiana;GUF;2010;75.8
French Guiana;GUF;2011;76.3
French Guiana;GUF;2012;76.5
French Guiana;GUF;2013;76.5
French Guiana;GUF;2014;76.7
French Guiana;GUF;2015;76.7
Guyana;GUY;2000;64.5
Guyana;GUY;2001;64.8
Guyana;GUY;2002;64.7
Guyana;GUY;2003;64.6
Guyana;GUY;2004;64.9
Guyana;GUY;2005;65.1
Guyana;GUY;2006;65.7
Guyana;GUY;2007;66.3
Guyana;GUY;2008;66.3
Guyana;GUY;2009;66.6
Guyana;GUY;2010;66.7
Guyana;GUY;2011;67.0
Guyana;GUY;2012;67.2
Guyana;GUY;2013;67.5
Guyana;GUY;2014;67.9
Guyana;GUY;2015;68.2
Paraguay;PRY;2000;69.8
Paraguay;PRY;2001;69.9
Paraguay;PRY;2002;70.0
Paraguay;PRY;2003;70.3
Paraguay;PRY;2004;70.5
Paraguay;PRY;2005;70.5
Paraguay;PRY;2006;70.8
Paraguay;PRY;2007;71.1
Paraguay;PRY;2008;71.4
Paraguay;PRY;2009;71.6
Paraguay;PRY;2010;71.9
Paraguay;PRY;2011;72.1
Paraguay;PRY;2012;72.5
Paraguay;PRY;2013;72.8
Paraguay;PRY;2014;72.9
Paraguay;PRY;2015;73.2
Peru;PER;2000;70.4
Peru;PER;2001;71.0
Peru;PER;2002;71.7
Peru;PER;2003;72.2
Peru;PER;2004;72.7
Peru;PER;2005;73.0
Peru;PER;2006;73.2
Peru;PER;2007;73.2
Peru;PER;2008;73.4
Peru;PER;2009;73.5
Peru;PER;2010;73.7
Peru;PER;2011;74.1
Peru;PER;2012;74.5
Peru;PER;2013;75.0
Peru;PER;2014;75.3
Peru;PER;2015;75.6
Suriname;SUR;2000;65.5
Suriname;SUR;2001;65.5
Suriname;SUR;2002;65.5
Suriname;SUR;2003;65.6
Suriname;SUR;2004;66.4
Suriname;SUR;2005;67.0
Suriname;SUR;2006;67.6
Suriname;SUR;2007;68.2
Suriname;SUR;2008;68.8
Suriname;SUR;2009;69.5
Suriname;SUR;2010;69.9
Suriname;SUR;2011;69.9
Suriname;SUR;2012;69.8
Suriname;SUR;2013;69.7
Suriname;SUR;2014;69.8
Suriname;SUR;2015;70.8
Uruguay;URY;2000;75.0
Uruguay;URY;2001;75.3
Uruguay;URY;2002;75.5
Uruguay;URY;2003;75.8
Uruguay;URY;2004;76.0
Uruguay;URY;2005;76.2
Uruguay;URY;2006;76.4
Uruguay;URY;2007;76.5
Uruguay;URY;2008;76.6
Uruguay;URY;2009;76.7
Uruguay;URY;2010;76.9
Uruguay;URY;2011;77.0
Uruguay;URY;2012;77.1
Uruguay;URY;2013;77.2
Uruguay;URY;2014;77.4
Uruguay;URY;2015;77.5
Venezuela (Bolivarian Republic of);VEN;2000;72.5
Venezuela (Bolivarian Republic of);VEN;2001;71.2
Venezuela (Bolivarian Republic of);VEN;2002;72.7
Venezuela (Bolivarian Republic of);VEN;2003;71.9
Venezuela (Bolivarian Republic of);VEN;2004;72.5
Venezuela (Bolivarian Republic of);VEN;2005;72.8
Venezuela (Bolivarian Republic of);VEN;2006;72.7
Venezuela (Bolivarian Republic of);VEN;2007;73.1
Venezuela (Bolivarian Republic of);VEN;2008;72.4
Venezuela (Bolivarian Republic of);VEN;2009;72.6
Venezuela (Bolivarian Republic of);VEN;2010;72.9
Venezuela (Bolivarian Republic of);VEN;2011;72.9
Venezuela (Bolivarian Republic of);VEN;2012;73.0
Venezuela (Bolivarian Republic of);VEN;2013;73.2
Venezuela (Bolivarian Republic of);VEN;2014;72.9
Venezuela (Bolivarian Republic of);VEN;2015;73.0
Bermuda;BMU;2000;78.9
Bermuda;BMU;2001;79.9
Bermuda;BMU;2002;80.6
Bermuda;BMU;2003;79.3
Bermuda;BMU;2004;81.1
Bermuda;BMU;2005;77.9
Bermuda;BMU;2006;77.6
Bermuda;BMU;2007;79.4
Bermuda;BMU;2008;78.6
Bermuda;BMU;2009;80.0
Bermuda;BMU;2010;80.5
Bermuda;BMU;2011;81.4
Bermuda;BMU;2012;81.3
Bermuda;BMU;2013;80.0
Bermuda;BMU;2014;79.5
Bermuda;BMU;2015;80.9
Canada;CAN;2000;79.2
Canada;CAN;2001;79.5
Canada;CAN;2002;79.6
Canada;CAN;2003;79.7
Canada;CAN;2004;80.0
Canada;CAN;2005;80.1
Canada;CAN;2006;80.5
Canada;CAN;2007;80.5
Canada;CAN;2008;80.7
Canada;CAN;2009;81.1
Canada;CAN;2010;81.3
Canada;CAN;2011;81.5
Canada;CAN;2012;81.7
Canada;CAN;2013;81.8
Canada;CAN;2014;81.9
Canada;CAN;2015;81.9
Greenland;GRL;2000;67.5
Greenland;GRL;2001;68.2
Greenland;GRL;2002;68.9
Greenland;GRL;2003;69.7
Greenland;GRL;2004;69.5
Greenland;GRL;2005;69.1
Greenland;GRL;2006;69.8
Greenland;GRL;2007;69.6
Greenland;GRL;2008;70.4
Greenland;GRL;2009;70.3
Greenland;GRL;2010;70.3
Greenland;GRL;2011;70.8
Greenland;GRL;2012;71.4
Greenland;GRL;2013;72.0
Greenland;GRL;2014;71.9
Greenland;GRL;2015;72.1
Saint Pierre and Miquelon;SPM;2000;74.9
Saint Pierre and Miquelon;SPM;2001;75.0
Saint Pierre and Miquelon;SPM;2002;75.0
Saint Pierre and Miquelon;SPM;2003;75.1
Saint Pierre and Miquelon;SPM;2004;75.2
Saint Pierre and Miquelon;SPM;2005;76.7
Saint Pierre and Miquelon;SPM;2006;75.7
Saint Pierre and Miquelon;SPM;2007;76.2
Saint Pierre and Miquelon;SPM;2008;78.1
Saint Pierre and Miquelon;SPM;2009;76.7
Saint Pierre and Miquelon;SPM;2010;76.8
Saint Pierre and Miquelon;SPM;2011;76.8
Saint Pierre and Miquelon;SPM;2012;76.8
Saint Pierre and Miquelon;SPM;2013;76.9
Saint Pierre and Miquelon;SPM;2014;76.9
Saint Pierre and Miquelon;SPM;2015;76.9
United States of America;USA;2000;76.8
United States of America;USA;2001;76.9
United States of America;USA;2002;77.0
United States of America;USA;2003;77.2
United States of America;USA;2004;77.6
United States of America;USA;2005;77.6
United States of America;USA;2006;77.8
United States of America;USA;2007;78.1
United States of America;USA;2008;78.2
United States of America;USA;2009;78.6
United States of America;USA;2010;78.8
United States of America;USA;2011;78.8
United States of America;USA;2012;78.9
United States of America;USA;2013;79.0
United States of America;USA;2014;79.0
United States of America;USA;2015;78.9
Australia;AUS;2000;79.6
Australia;AUS;2001;80.0
Australia;AUS;2002;80.1
Australia;AUS;2003;80.5
Australia;AUS;2004;80.8
Australia;AUS;2005;81.1
Australia;AUS;2006;81.3
Australia;AUS;2007;81.3
Australia;AUS;2008;81.5
Australia;AUS;2009;81.8
Australia;AUS;2010;82.1
Australia;AUS;2011;82.1
Australia;AUS;2012;82.3
Australia;AUS;2013;82.6
Australia;AUS;2014;82.6
Australia;AUS;2015;82.7
New Zealand;NZL;2000;78.7
New Zealand;NZL;2001;78.7
New Zealand;NZL;2002;78.9
New Zealand;NZL;2003;79.2
New Zealand;NZL;2004;79.4
New Zealand;NZL;2005;80.1
New Zealand;NZL;2006;80.0
New Zealand;NZL;2007;80.2
New Zealand;NZL;2008;80.3
New Zealand;NZL;2009;80.6
New Zealand;NZL;2010;81.1
New Zealand;NZL;2011;80.9
New Zealand;NZL;2012;81.2
New Zealand;NZL;2013;81.7
New Zealand;NZL;2014;81.8
New Zealand;NZL;2015;82.0
Fiji;FJI;2000;66.3
Fiji;FJI;2001;66.3
Fiji;FJI;2002;65.7
Fiji;FJI;2003;66.2
Fiji;FJI;2004;66.4
Fiji;FJI;2005;66.6
Fiji;FJI;2006;66.9
Fiji;FJI;2007;66.8
Fiji;FJI;2008;66.9
Fiji;FJI;2009;67.1
Fiji;FJI;2010;67.3
Fiji;FJI;2011;67.5
Fiji;FJI;2012;67.6
Fiji;FJI;2013;67.4
Fiji;FJI;2014;67.4
Fiji;FJI;2015;66.8
New Caledonia;NCL;2000;74.6
New Caledonia;NCL;2001;75.2
New Caledonia;NCL;2002;75.6
New Caledonia;NCL;2003;76.1
New Caledonia;NCL;2004;76.5
New Caledonia;NCL;2005;76.7
New Caledonia;NCL;2006;77.0
New Caledonia;NCL;2007;77.3
New Caledonia;NCL;2008;77.6
New Caledonia;NCL;2009;77.9
New Caledonia;NCL;2010;78.2
New Caledonia;NCL;2011;78.7
New Caledonia;NCL;2012;79.2
New Caledonia;NCL;2013;79.6
New Caledonia;NCL;2014;79.2
New Caledonia;NCL;2015;78.6
Papua New Guinea;PNG;2000;61.7
Papua New Guinea;PNG;2001;61.8
Papua New Guinea;PNG;2002;61.7
Papua New Guinea;PNG;2003;61.8
Papua New Guinea;PNG;2004;61.8
Papua New Guinea;PNG;2005;61.8
Papua New Guinea;PNG;2006;61.9
Papua New Guinea;PNG;2007;62.0
Papua New Guinea;PNG;2008;62.6
Papua New Guinea;PNG;2009;62.8
Papua New Guinea;PNG;2010;63.0
Papua New Guinea;PNG;2011;63.5
Papua New Guinea;PNG;2012;63.7
Papua New Guinea;PNG;2013;64.0
Papua New Guinea;PNG;2014;64.3
Papua New Guinea;PNG;2015;64.7
Solomon Islands;SLB;2000;67.2
Solomon Islands;SLB;2001;67.4
Solomon Islands;SLB;2002;67.5
Solomon Islands;SLB;2003;67.6
Solomon Islands;SLB;2004;67.8
Solomon Islands;SLB;2005;67.9
Solomon Islands;SLB;2006;68.1
Solomon Islands;SLB;2007;68.0
Solomon Islands;SLB;2008;68.4
Solomon Islands;SLB;2009;68.5
Solomon Islands;SLB;2010;68.7
Solomon Islands;SLB;2011;68.9
Solomon Islands;SLB;2012;69.1
Solomon Islands;SLB;2013;69.2
Solomon Islands;SLB;2014;69.2
Solomon Islands;SLB;2015;69.6
Vanuatu;VUT;2000;69.0
Vanuatu;VUT;2001;69.0
Vanuatu;VUT;2002;69.2
Vanuatu;VUT;2003;69.3
Vanuatu;VUT;2004;69.3
Vanuatu;VUT;2005;69.4
Vanuatu;VUT;2006;69.5
Vanuatu;VUT;2007;69.5
Vanuatu;VUT;2008;69.6
Vanuatu;VUT;2009;69.7
Vanuatu;VUT;2010;69.6
Vanuatu;VUT;2011;69.6
Vanuatu;VUT;2012;69.5
Vanuatu;VUT;2013;69.5
Vanuatu;VUT;2014;69.5
Vanuatu;VUT;2015;69.5
Guam;GUM;2000;74.4
Guam;GUM;2001;75.4
Guam;GUM;2002;75.8
Guam;GUM;2003;76.5
Guam;GUM;2004;76.9
Guam;GUM;2005;77.2
Guam;GUM;2006;77.1
Guam;GUM;2007;77.1
Guam;GUM;2008;77.2
Guam;GUM;2009;77.1
Guam;GUM;2010;76.9
Guam;GUM;2011;76.9
Guam;GUM;2012;76.7
Guam;GUM;2013;76.7
Guam;GUM;2014;76.7
Guam;GUM;2015;76.6
Kiribati;KIR;2000;64.4
Kiribati;KIR;2001;64.7
Kiribati;KIR;2002;64.8
Kiribati;KIR;2003;65.0
Kiribati;KIR;2004;65.0
Kiribati;KIR;2005;65.0
Kiribati;KIR;2006;64.9
Kiribati;KIR;2007;64.8
Kiribati;KIR;2008;64.8
Kiribati;KIR;2009;64.9
Kiribati;KIR;2010;65.0
Kiribati;KIR;2011;65.2
Kiribati;KIR;2012;65.4
Kiribati;KIR;2013;65.6
Kiribati;KIR;2014;65.8
Kiribati;KIR;2015;66.1
Marshall Islands;MHL;2000;63.3
Marshall Islands;MHL;2001;63.6
Marshall Islands;MHL;2002;63.7
Marshall Islands;MHL;2003;63.7
Marshall Islands;MHL;2004;63.7
Marshall Islands;MHL;2005;63.6
Marshall Islands;MHL;2006;63.5
Marshall Islands;MHL;2007;63.4
Marshall Islands;MHL;2008;63.2
Marshall Islands;MHL;2009;63.2
Marshall Islands;MHL;2010;63.2
Marshall Islands;MHL;2011;63.3
Marshall Islands;MHL;2012;63.4
Marshall Islands;MHL;2013;63.5
Marshall Islands;MHL;2014;63.6
Marshall Islands;MHL;2015;63.8
Micronesia (Fed. States of);FSM;2000;69.8
Micronesia (Fed. States of);FSM;2001;70.5
Micronesia (Fed. States of);FSM;2002;69.5
Micronesia (Fed. States of);FSM;2003;70.8
Micronesia (Fed. States of);FSM;2004;70.8
Micronesia (Fed. States of);FSM;2005;70.9
Micronesia (Fed. States of);FSM;2006;71.1
Micronesia (Fed. States of);FSM;2007;71.1
Micronesia (Fed. States of);FSM;2008;71.1
Micronesia (Fed. States of);FSM;2009;71.1
Micronesia (Fed. States of);FSM;2010;71.2
Micronesia (Fed. States of);FSM;2011;71.3
Micronesia (Fed. States of);FSM;2012;71.4
Micronesia (Fed. States of);FSM;2013;71.5
Micronesia (Fed. States of);FSM;2014;71.5
Micronesia (Fed. States of);FSM;2015;71.4
Nauru;NRU;2000;58.7
Nauru;NRU;2001;58.3
Nauru;NRU;2002;58.2
Nauru;NRU;2003;58.1
Nauru;NRU;2004;58.1
Nauru;NRU;2005;58.2
Nauru;NRU;2006;58.4
Nauru;NRU;2007;58.5
Nauru;NRU;2008;58.8
Nauru;NRU;2009;59.1
Nauru;NRU;2010;59.6
Nauru;NRU;2011;60.2
Nauru;NRU;2012;60.7
Nauru;NRU;2013;61.2
Nauru;NRU;2014;61.8
Nauru;NRU;2015;62.3
Northern Mariana Islands;MNP;2000;74.9
Northern Mariana Islands;MNP;2001;75.5
Northern Mariana Islands;MNP;2002;76.1
Northern Mariana Islands;MNP;2003;76.4
Northern Mariana Islands;MNP;2004;76.5
Northern Mariana Islands;MNP;2005;77.0
Northern Mariana Islands;MNP;2006;77.2
Northern Mariana Islands;MNP;2007;77.4
Northern Mariana Islands;MNP;2008;77.5
Northern Mariana Islands;MNP;2009;77.5
Northern Mariana Islands;MNP;2010;77.4
Northern Mariana Islands;MNP;2011;77.3
Northern Mariana Islands;MNP;2012;77.1
Northern Mariana Islands;MNP;2013;77.0
Northern Mariana Islands;MNP;2014;76.9
Northern Mariana Islands;MNP;2015;76.8
Palau;PLW;2000;65.9
Palau;PLW;2001;66.6
Palau;PLW;2002;67.0
Palau;PLW;2003;67.2
Palau;PLW;2004;67.2
Palau;PLW;2005;67.0
Palau;PLW;2006;66.7
Palau;PLW;2007;66.5
Palau;PLW;2008;66.2
Palau;PLW;2009;65.9
Palau;PLW;2010;65.6
Palau;PLW;2011;65.2
Palau;PLW;2012;64.7
Palau;PLW;2013;64.2
Palau;PLW;2014;63.9
Palau;PLW;2015;63.7
American Samoa;ASM;2000;71.0
American Samoa;ASM;2001;70.9
American Samoa;ASM;2002;71.3
American Samoa;ASM;2003;71.1
American Samoa;ASM;2004;72.0
American Samoa;ASM;2005;72.3
American Samoa;ASM;2006;72.1
American Samoa;ASM;2007;72.1
American Samoa;ASM;2008;72.1
American Samoa;ASM;2009;70.5
American Samoa;ASM;2010;72.1
American Samoa;ASM;2011;72.1
American Samoa;ASM;2012;72.3
American Samoa;ASM;2013;72.3
American Samoa;ASM;2014;72.3
American Samoa;ASM;2015;72.5
Cook Islands;COK;2000;70.0
Cook Islands;COK;2001;70.2
Cook Islands;COK;2002;70.5
Cook Islands;COK;2003;70.9
Cook Islands;COK;2004;71.2
Cook Islands;COK;2005;71.6
Cook Islands;COK;2006;72.0
Cook Islands;COK;2007;72.4
Cook Islands;COK;2008;72.8
Cook Islands;COK;2009;73.2
Cook Islands;COK;2010;73.5
Cook Islands;COK;2011;73.8
Cook Islands;COK;2012;73.9
Cook Islands;COK;2013;74.1
Cook Islands;COK;2014;74.1
Cook Islands;COK;2015;74.2
French Polynesia;PYF;2000;79.5
French Polynesia;PYF;2001;79.7
French Polynesia;PYF;2002;79.7
French Polynesia;PYF;2003;79.7
French Polynesia;PYF;2004;79.7
French Polynesia;PYF;2005;79.7
French Polynesia;PYF;2006;79.8
French Polynesia;PYF;2007;80.0
French Polynesia;PYF;2008;80.3
French Polynesia;PYF;2009;80.7
French Polynesia;PYF;2010;81.0
French Polynesia;PYF;2011;81.4
French Polynesia;PYF;2012;81.8
French Polynesia;PYF;2013;82.0
French Polynesia;PYF;2014;82.2
French Polynesia;PYF;2015;82.4
Niue;NIU;2000;67.4
Niue;NIU;2001;67.4
Niue;NIU;2002;67.5
Niue;NIU;2003;67.5
Niue;NIU;2004;66.0
Niue;NIU;2005;67.3
Niue;NIU;2006;67.2
Niue;NIU;2007;67.4
Niue;NIU;2008;67.6
Niue;NIU;2009;67.9
Niue;NIU;2010;68.4
Niue;NIU;2011;68.9
Niue;NIU;2012;69.3
Niue;NIU;2013;69.6
Niue;NIU;2014;69.9
Niue;NIU;2015;70.1
Samoa;WSM;2000;70.7
Samoa;WSM;2001;71.0
Samoa;WSM;2002;71.3
Samoa;WSM;2003;71.5
Samoa;WSM;2004;71.7
Samoa;WSM;2005;71.8
Samoa;WSM;2006;72.0
Samoa;WSM;2007;72.1
Samoa;WSM;2008;72.2
Samoa;WSM;2009;70.1
Samoa;WSM;2010;72.2
Samoa;WSM;2011;72.3
Samoa;WSM;2012;72.2
Samoa;WSM;2013;72.4
Samoa;WSM;2014;72.5
Samoa;WSM;2015;72.5
Tokelau;TKL;2000;71.9
Tokelau;TKL;2001;72.1
Tokelau;TKL;2002;72.3
Tokelau;TKL;2003;72.6
Tokelau;TKL;2004;72.8
Tokelau;TKL;2005;73.0
Tokelau;TKL;2006;73.2
Tokelau;TKL;2007;73.4
Tokelau;TKL;2008;73.5
Tokelau;TKL;2009;73.7
Tokelau;TKL;2010;73.9
Tokelau;TKL;2011;74.1
Tokelau;TKL;2012;74.2
Tokelau;TKL;2013;74.4
Tokelau;TKL;2014;74.6
Tokelau;TKL;2015;74.7
Tonga;TON;2000;69.0
Tonga;TON;2001;69.1
Tonga;TON;2002;69.3
Tonga;TON;2003;69.5
Tonga;TON;2004;69.7
Tonga;TON;2005;69.8
Tonga;TON;2006;69.9
Tonga;TON;2007;70.0
Tonga;TON;2008;70.2
Tonga;TON;2009;70.0
Tonga;TON;2010;70.3
Tonga;TON;2011;70.4
Tonga;TON;2012;70.4
Tonga;TON;2013;70.5
Tonga;TON;2014;70.5
Tonga;TON;2015;70.6
Tuvalu;TUV;2000;63.5
Tuvalu;TUV;2001;63.5
Tuvalu;TUV;2002;63.6
Tuvalu;TUV;2003;63.6
Tuvalu;TUV;2004;63.7
Tuvalu;TUV;2005;63.8
Tuvalu;TUV;2006;63.9
Tuvalu;TUV;2007;63.9
Tuvalu;TUV;2008;63.9
Tuvalu;TUV;2009;63.9
Tuvalu;TUV;2010;64.0
Tuvalu;TUV;2011;64.0
Tuvalu;TUV;2012;64.0
Tuvalu;TUV;2013;64.0
Tuvalu;TUV;2014;64.0
Tuvalu;TUV;2015;64.1
Wallis and Futuna Islands;WLF;2000;74.6
Wallis and Futuna Islands;WLF;2001;75.5
Wallis and Futuna Islands;WLF;2002;75.8
Wallis and Futuna Islands;WLF;2003;75.9
Wallis and Futuna Islands;WLF;2004;76.1
Wallis and Futuna Islands;WLF;2005;75.4
Wallis and Futuna Islands;WLF;2006;76.6
Wallis and Futuna Islands;WLF;2007;77.2
Wallis and Futuna Islands;WLF;2008;77.5
Wallis and Futuna Islands;WLF;2009;77.2
Wallis and Futuna Islands;WLF;2010;75.5
Wallis and Futuna Islands;WLF;2011;77.6
Wallis and Futuna Islands;WLF;2012;77.5
Wallis and Futuna Islands;WLF;2013;76.8
Wallis and Futuna Islands;WLF;2014;77.6
Wallis and Futuna Islands;WLF;2015;78.0